Name,Source_ID,Alias1,Date_Drilled,Depth_Reference,El_DR_masl,Elev_Method,Total_Depth_m,E_10TM83,N_10TM83,Lat_NAD83,Long_NAD83,Source_CRS,Drilling_Company,Drilling_Method,Driller,Logger,Owner,Well_Presence,Spatial_Precision,Georef,Folder,LogPDF,Purpose,Comment
BHH02-01,3,,20020820,ground surface,768,topographic map,25.3,455705,6298060,56.846922,-115.726487,83_U11,Canadian Geological Drilling Ltd.,"Truck-mounted MS-61, CME 5' auger core barrel",Ken Pearson,J. Pawlowicz,Alberta Geological Survey,No well present,25,hand-held GPS,3_BHH02_Pawlowicz\,Litholog_BHH02-01.pdf,geology testhole,
BHH02-02,3,,20020821,ground surface,758,topographic map,11.6,455724,6297750,56.844133,-115.726123,83_U11,Canadian Geological Drilling Ltd.,"Truck-mounted MS-61, CME 5' auger core barrel",Ken Pearson,J. Pawlowicz,Alberta Geological Survey,No well present,25,hand-held GPS,3_BHH02_Pawlowicz\,Litholog_BHH02-02.pdf,geology testhole,
BHH02-03,3,,20020821,ground surface,779,topographic map,11.6,455693,6298273,56.848829,-115.726717,83_U11,Canadian Geological Drilling Ltd.,"Truck-mounted MS-61, CME 5' auger core barrel",Ken Pearson,J. Pawlowicz,Alberta Geological Survey,No well present,25,hand-held GPS,3_BHH02_Pawlowicz\,Litholog_BHH02-03.pdf,geology testhole,
BHH02-04,3,,20020822,ground surface,758,topographic map,11.9,454474,6298305,56.849004,-115.746716,83_U11,Canadian Geological Drilling Ltd.,"Truck-mounted MS-61, CME 5' auger core barrel",Ken Pearson,J. Pawlowicz,Alberta Geological Survey,No well present,25,hand-held GPS,3_BHH02_Pawlowicz\,Litholog_BHH02-04.pdf,geology testhole,
BHH02-05,3,,20020822,ground surface,761,topographic map,13.1,456400,6297946,56.84596,-115.715059,83_U11,Canadian Geological Drilling Ltd.,"Truck-mounted MS-61, CME 5' auger core barrel",Ken Pearson,J. Pawlowicz,Alberta Geological Survey,No well present,25,hand-held GPS,3_BHH02_Pawlowicz\,Litholog_BHH02-05.pdf,geology testhole,
BHH02-06,3,,20020823,ground surface,751,topographic map,11.6,452807,6298734,56.852691,-115.774125,83_U11,Canadian Geological Drilling Ltd.,"Truck-mounted MS-61, CME 5' auger core barrel",Ken Pearson,J. Pawlowicz,Alberta Geological Survey,No well present,25,hand-held GPS,3_BHH02_Pawlowicz\,Litholog_BHH02-06.pdf,geology testhole,
BHH02-07,3,,20020823,ground surface,774,topographic map,13.1,453101,6298996,56.855079,-115.769357,83_U11,Canadian Geological Drilling Ltd.,"Truck-mounted MS-61, CME 5' auger core barrel",Ken Pearson,J. Pawlowicz,Alberta Geological Survey,No well present,25,hand-held GPS,3_BHH02_Pawlowicz\,Litholog_BHH02-07.pdf,geology testhole,
113,1,,19640615,ground surface,671,SRTM DEM,2.74,656424,5944186,53.644425,-112.632621,DLS description,Mobile Augers and Research Ltd.,"Not stated on logs. Assume hollow stem auger, as Shelby tube samples were taken and some SPT testing described.",no data,A.A.,,No well present,60,,1_ElkIsland\,Litholog_113.pdf,geology testhole,Only the logger's initials are on the log.
114,1,,19640608,ground surface,668,SRTM DEM,3.96,658053,5944145,53.643569,-112.608017,DLS description,Mobile Augers and Research Ltd.,"Not stated on logs. Assume hollow stem auger, as Shelby tube samples were taken and some SPT testing described.",no data,A.A.,,No well present,60,,1_ElkIsland\,Litholog_114.pdf,geology testhole,Only the logger's initials are on the log.
115,1,,19640608,ground surface,670,SRTM DEM,2.44,659679,5944204,53.643603,-112.583393,DLS description,Mobile Augers and Research Ltd.,"Not stated on logs. Assume hollow stem auger, as Shelby tube samples were taken and some SPT testing described.",no data,A.A.,,No well present,60,,1_ElkIsland\,Litholog_115.pdf,geology testhole,Only the logger's initials are on the log.
116,1,,19640609,ground surface,671,SRTM DEM,4.27,661312,5944125,53.642395,-112.558745,DLS description,Mobile Augers and Research Ltd.,"Not stated on logs. Assume hollow stem auger, as Shelby tube samples were taken and some SPT testing described.",no data,A.A.,,No well present,60,,1_ElkIsland\,Litholog_116.pdf,geology testhole,Only the logger's initials are on the log.
117,1,,19640609,ground surface,667,SRTM DEM,2.74,662941,5944307,53.643521,-112.534033,DLS description,Mobile Augers and Research Ltd.,"Not stated on logs. Assume hollow stem auger, as Shelby tube samples were taken and some SPT testing described.",no data,A.A.,,No well present,60,,1_ElkIsland\,Litholog_117.pdf,geology testhole,Only the logger's initials are on the log.
118,1,,19640604,ground surface,675,SRTM DEM,2.74,664566,5944504,53.644787,-112.509351,DLS description,Mobile Augers and Research Ltd.,"Not stated on logs. Assume hollow stem auger, as Shelby tube samples were taken and some SPT testing described.",no data,L.A.B.,,No well present,60,,1_ElkIsland\,Litholog_118.pdf,geology testhole,"Only the logger's initials are on the log. Assume ""L.A.B."" is Bayrock."
119,1,,19640604,ground surface,684,SRTM DEM,7.32,664512,5945978,53.658038,-112.509387,DLS description,Mobile Augers and Research Ltd.,"Not stated on logs. Assume hollow stem auger, as Shelby tube samples were taken and some SPT testing described.",no data,L.A.B.,,No well present,60,,1_ElkIsland\,Litholog_119.pdf,geology testhole,"Only the logger's initials are on the log. Assume ""L.A.B."" is Bayrock."
12,1,,19640721,ground surface,710,SRTM DEM,25.91,647015,5933198,53.548422,-112.780078,DLS description,Mobile Augers and Research Ltd.,"Not stated on logs. Assume hollow stem auger, as Shelby tube samples were taken and some SPT testing described.",no data,A.A.,,No well present,60,,1_ElkIsland\,Litholog_12.pdf,geology testhole,Only the logger's initials are on the log.
120,1,,19640604,ground surface,672,SRTM DEM,4.27,662885,5945910,53.657936,-112.53403,DLS description,Mobile Augers and Research Ltd.,"Not stated on logs. Assume hollow stem auger, as Shelby tube samples were taken and some SPT testing described.",no data,L.A.B.,,No well present,60,,1_ElkIsland\,Litholog_120.pdf,geology testhole,"Only the logger's initials are on the log. Assume ""L.A.B."" is Bayrock."
121,1,,19640608,ground surface,664,SRTM DEM,2.44,661260,5945860,53.657997,-112.558643,DLS description,Mobile Augers and Research Ltd.,"Not stated on logs. Assume hollow stem auger, as Shelby tube samples were taken and some SPT testing described.",no data,A.A.,,No well present,60,,1_ElkIsland\,Litholog_121.pdf,geology testhole,Only the logger's initials are on the log.
122,1,,19640608,ground surface,667,SRTM DEM,3.96,659629,5945832,53.658243,-112.583313,DLS description,Mobile Augers and Research Ltd.,"Not stated on logs. Assume hollow stem auger, as Shelby tube samples were taken and some SPT testing described.",no data,A.A.,,No well present,60,,1_ElkIsland\,Litholog_122.pdf,geology testhole,Only the logger's initials are on the log.
123,1,,19640608,ground surface,665,SRTM DEM,3.96,657999,5945774,53.658217,-112.608009,DLS description,Mobile Augers and Research Ltd.,"Not stated on logs. Assume hollow stem auger, as Shelby tube samples were taken and some SPT testing described.",no data,A.A.,,No well present,60,,1_ElkIsland\,Litholog_123.pdf,geology testhole,Only the logger's initials are on the log.
124,1,,19640615,ground surface,671,SRTM DEM,4.27,656371,5945717,53.658198,-112.632661,DLS description,Mobile Augers and Research Ltd.,"Not stated on logs. Assume hollow stem auger, as Shelby tube samples were taken and some SPT testing described.",no data,A.A.,,No well present,60,,1_ElkIsland\,Litholog_124.pdf,geology testhole,Only the logger's initials are on the log.
125,1,,19640615,ground surface,669,SRTM DEM,12.5,654742,5945639,53.657981,-112.657335,DLS description,Mobile Augers and Research Ltd.,"Not stated on logs. Assume hollow stem auger, as Shelby tube samples were taken and some SPT testing described.",no data,A.A.,,No well present,60,,1_ElkIsland\,Litholog_125.pdf,geology testhole,Only the logger's initials are on the log.
126,1,,19640603,ground surface,674,SRTM DEM,5.49,653114,5945603,53.658136,-112.681969,DLS description,Mobile Augers and Research Ltd.,"Not stated on logs. Assume hollow stem auger, as Shelby tube samples were taken and some SPT testing described.",no data,A.A.,,No well present,60,,1_ElkIsland\,Litholog_126.pdf,geology testhole,Only the logger's initials are on the log.
127,1,,19640610,ground surface,691,SRTM DEM,5.79,651498,5945537,53.658017,-112.706449,DLS description,Mobile Augers and Research Ltd.,"Not stated on logs. Assume hollow stem auger, as Shelby tube samples were taken and some SPT testing described.",no data,A.A.,,No well present,60,,1_ElkIsland\,Litholog_127.pdf,geology testhole,Only the logger's initials are on the log. Map and log locations disagree; used map position.
128,1,,19640610,ground surface,726,SRTM DEM,21.03,649837,5945479,53.657974,-112.731597,DLS description,Mobile Augers and Research Ltd.,"Not stated on logs. Assume hollow stem auger, as Shelby tube samples were taken and some SPT testing described.",no data,A.A.,,No well present,60,,1_ElkIsland\,Litholog_128.pdf,geology testhole,Only the logger's initials are on the log.
132,1,,19640713,ground surface,734,SRTM DEM,30.48,648230,5947048,53.67253,-112.755157,DLS description,Mobile Augers and Research Ltd.,"Not stated on logs. Assume hollow stem auger, as Shelby tube samples were taken and some SPT testing described.",no data,A.A.,,No well present,60,,1_ElkIsland\,Litholog_132.pdf,geology testhole,Only the logger's initials are on the log. Map and log locations disagree by one mile; used map position.
133,1,,19640605,ground surface,706,SRTM DEM,22.56,649819,5947246,53.67385,-112.731015,DLS description,Mobile Augers and Research Ltd.,"Not stated on logs. Assume hollow stem auger, as Shelby tube samples were taken and some SPT testing described.",no data,A.A.,,No well present,60,,1_ElkIsland\,Litholog_133.pdf,geology testhole,Only the logger's initials are on the log.
133x,1,,19640611,ground surface,677,SRTM DEM,11.28,651416,5947167,53.672683,-112.706897,DLS description,Mobile Augers and Research Ltd.,"Not stated on logs. Assume hollow stem auger, as Shelby tube samples were taken and some SPT testing described.",no data,A.A.,,No well present,60,,1_ElkIsland\,Litholog_133x.pdf,geology testhole,Only the logger's initials are on the log.
134,1,,19640603,ground surface,674,SRTM DEM,3.96,653060,5947213,53.672621,-112.681992,DLS description,Mobile Augers and Research Ltd.,"Not stated on logs. Assume hollow stem auger, as Shelby tube samples were taken and some SPT testing described.",no data,A.A.,,No well present,60,,1_ElkIsland\,Litholog_134.pdf,geology testhole,Only the logger's initials are on the log.
135,1,,19640615,ground surface,671,SRTM DEM,2.74,654706,5947273,53.672669,-112.657059,DLS description,Mobile Augers and Research Ltd.,"Not stated on logs. Assume hollow stem auger, as Shelby tube samples were taken and some SPT testing described.",no data,A.A.,,No well present,60,,1_ElkIsland\,Litholog_135.pdf,geology testhole,Only the logger's initials are on the log.
136,1,,19640615,ground surface,667,SRTM DEM,5.79,656317,5947328,53.672689,-112.632653,DLS description,Mobile Augers and Research Ltd.,"Not stated on logs. Assume hollow stem auger, as Shelby tube samples were taken and some SPT testing described.",no data,A.A.,,No well present,60,,1_ElkIsland\,Litholog_136.pdf,geology testhole,Only the logger's initials are on the log.
137,1,,19640608,ground surface,665,SRTM DEM,8.53,657973,5947386,53.672712,-112.607577,DLS description,Mobile Augers and Research Ltd.,"Not stated on logs. Assume hollow stem auger, as Shelby tube samples were taken and some SPT testing described.",no data,A.A.,,No well present,60,,1_ElkIsland\,Litholog_137.pdf,geology testhole,Only the logger's initials are on the log.
138,1,,19640608,ground surface,664,SRTM DEM,2.44,659599,5947443,53.672727,-112.582951,DLS description,Mobile Augers and Research Ltd.,"Not stated on logs. Assume hollow stem auger, as Shelby tube samples were taken and some SPT testing described.",no data,A.A.,,No well present,60,,1_ElkIsland\,Litholog_138.pdf,geology testhole,Only the logger's initials are on the log. Map and log locations disagree; used map position.
139,1,,19640609,ground surface,668,SRTM DEM,4.27,661207,5947493,53.672684,-112.558584,DLS description,Mobile Augers and Research Ltd.,"Not stated on logs. Assume hollow stem auger, as Shelby tube samples were taken and some SPT testing described.",no data,A.A.,,No well present,60,,1_ElkIsland\,Litholog_139.pdf,geology testhole,Only the logger's initials are on the log.
140,1,,19640604,ground surface,676,SRTM DEM,13.41,662854,5947544,53.672628,-112.533642,DLS description,Mobile Augers and Research Ltd.,"Not stated on logs. Assume hollow stem auger, as Shelby tube samples were taken and some SPT testing described.",no data,L.A.B.,,No well present,60,,1_ElkIsland\,Litholog_140.pdf,geology testhole,"Only the logger's initials are on the log. Assume ""L.A.B."" is Bayrock."
141,1,,19640604,ground surface,693,SRTM DEM,14.94,664475,5947609,53.672705,-112.509083,DLS description,Mobile Augers and Research Ltd.,"Not stated on logs. Assume hollow stem auger, as Shelby tube samples were taken and some SPT testing described.",no data,L.A.B.,,No well present,60,,1_ElkIsland\,Litholog_141.pdf,geology testhole,"Only the logger's initials are on the log. Assume ""L.A.B."" is Bayrock. Map and log locations disagree; used map position."
142,1,,19640704,ground surface,693,SRTM DEM,28.04,664418,5949220,53.687198,-112.509098,DLS description,Mobile Augers and Research Ltd.,"Not stated on logs. Assume hollow stem auger, as Shelby tube samples were taken and some SPT testing described.",no data,A.A.,,No well present,60,,1_ElkIsland\,Litholog_142.pdf,geology testhole,Only the logger's initials are on the log.
143,1,,19640609,ground surface,679,SRTM DEM,22.56,662800,5949152,53.68709,-112.533616,DLS description,Mobile Augers and Research Ltd.,"Not stated on logs. Assume hollow stem auger, as Shelby tube samples were taken and some SPT testing described.",no data,A.A.,,No well present,60,,1_ElkIsland\,Litholog_143.pdf,geology testhole,Only the logger's initials are on the log. Map and log locations disagree; used map position.
144,1,,19640609,ground surface,670,SRTM DEM,7.32,661153,5949101,53.687148,-112.558573,DLS description,Mobile Augers and Research Ltd.,"Not stated on logs. Assume hollow stem auger, as Shelby tube samples were taken and some SPT testing described.",no data,A.A.,,No well present,60,,1_ElkIsland\,Litholog_144.pdf,geology testhole,Only the logger's initials are on the log.
145,1,,19640608,ground surface,663,SRTM DEM,14.63,659528,5949052,53.687206,-112.583188,DLS description,Mobile Augers and Research Ltd.,"Not stated on logs. Assume hollow stem auger, as Shelby tube samples were taken and some SPT testing described.",no data,A.A.,,No well present,60,,1_ElkIsland\,Litholog_145.pdf,geology testhole,Only the logger's initials are on the log.
146,1,,19640608,ground surface,670,SRTM DEM,5.49,657924,5949020,53.687405,-112.607479,DLS description,Mobile Augers and Research Ltd.,"Not stated on logs. Assume hollow stem auger, as Shelby tube samples were taken and some SPT testing described.",no data,A.A.,,No well present,60,,1_ElkIsland\,Litholog_146.pdf,geology testhole,Only the logger's initials are on the log.
147,1,,19640608,ground surface,666,SRTM DEM,3.96,656279,5948940,53.687178,-112.632417,DLS description,Mobile Augers and Research Ltd.,"Not stated on logs. Assume hollow stem auger, as Shelby tube samples were taken and some SPT testing described.",no data,A.A.,,No well present,60,,1_ElkIsland\,Litholog_147.pdf,geology testhole,Only the logger's initials are on the log.
148,1,,19640615,ground surface,668,SRTM DEM,2.74,654627,5948886,53.687187,-112.657451,DLS description,Mobile Augers and Research Ltd.,"Not stated on logs. Assume hollow stem auger, as Shelby tube samples were taken and some SPT testing described.",no data,A.A.,,No well present,60,,1_ElkIsland\,Litholog_148.pdf,geology testhole,Only the logger's initials are on the log.
149,1,,19640603,ground surface,672,SRTM DEM,3.96,653004,5948843,53.687278,-112.682045,DLS description,Mobile Augers and Research Ltd.,"Not stated on logs. Assume hollow stem auger, as Shelby tube samples were taken and some SPT testing described.",no data,A.A.,,No well present,60,,1_ElkIsland\,Litholog_149.pdf,geology testhole,Only the logger's initials are on the log.
15,1,,19640717,ground surface,710,SRTM DEM,25.91,646972,5934063,53.556206,-112.780325,DLS description,Mobile Augers and Research Ltd.,"Not stated on logs. Assume hollow stem auger, as Shelby tube samples were taken and some SPT testing described.",no data,A.A.,,No well present,60,,1_ElkIsland\,Litholog_15.pdf,geology testhole,Only the logger's initials are on the log.
150,1,,19640603,ground surface,678,SRTM DEM,3.96,651378,5948901,53.688273,-112.706628,DLS description,Mobile Augers and Research Ltd.,"Not stated on logs. Assume hollow stem auger, as Shelby tube samples were taken and some SPT testing described.",no data,A.A.,,No well present,60,,1_ElkIsland\,Litholog_150.pdf,geology testhole,Only the logger's initials are on the log.
151,1,,19640603,ground surface,682,SRTM DEM,3.96,649738,5948728,53.687193,-112.731539,DLS description,Mobile Augers and Research Ltd.,"Not stated on logs. Assume hollow stem auger, as Shelby tube samples were taken and some SPT testing described.",no data,L.A.B.,,No well present,60,,1_ElkIsland\,Litholog_151.pdf,geology testhole,"Only the logger's initials are on the log. Assume ""L.A.B."" is Bayrock."
152_redrill,1,,19640727,ground surface,728,SRTM DEM,25.3,648113,5948676,53.687185,-112.756153,DLS description,Mobile Augers and Research Ltd.,"Not stated on logs. Assume hollow stem auger, as Shelby tube samples were taken and some SPT testing described.",no data,A.A.,,No well present,60,,1_ElkIsland\,Litholog_152_redrill.pdf,geology testhole,Only the logger's initials are on the log.
153,1,,19640715,ground surface,730,SRTM DEM,24.38,646500,5948449,53.685604,-112.780676,DLS description,Mobile Augers and Research Ltd.,"Not stated on logs. Assume hollow stem auger, as Shelby tube samples were taken and some SPT testing described.",no data,A.A.,,No well present,60,,1_ElkIsland\,Litholog_153.pdf,geology testhole,Only the logger's initials are on the log.
155,1,,19640713,ground surface,702,SRTM DEM,22.86,648081,5950314,53.70191,-112.755853,DLS description,Mobile Augers and Research Ltd.,"Not stated on logs. Assume hollow stem auger, as Shelby tube samples were taken and some SPT testing described.",no data,A.A.,,No well present,60,,1_ElkIsland\,Litholog_155.pdf,geology testhole,Only the logger's initials are on the log.
156,1,,19640603,ground surface,672,SRTM DEM,3.96,649705,5950361,53.701874,-112.731246,DLS description,Mobile Augers and Research Ltd.,"Not stated on logs. Assume hollow stem auger, as Shelby tube samples were taken and some SPT testing described.",no data,L.A.B.,,No well present,60,,1_ElkIsland\,Litholog_156.pdf,geology testhole,"Only the logger's initials are on the log. Assume ""L.A.B."" is Bayrock."
157,1,,19640603,ground surface,665,SRTM DEM,3.96,651328,5950414,53.701882,-112.706637,DLS description,Mobile Augers and Research Ltd.,"Not stated on logs. Assume hollow stem auger, as Shelby tube samples were taken and some SPT testing described.",no data,L.A.B.,,No well present,60,,1_ElkIsland\,Litholog_157.pdf,geology testhole,"Only the logger's initials are on the log. Assume ""L.A.B."" is Bayrock. Map and log locations disagree; used map position."
158,1,,19640603,ground surface,663,SRTM DEM,2.74,652967,5950454,53.701766,-112.681798,DLS description,Mobile Augers and Research Ltd.,"Not stated on logs. Assume hollow stem auger, as Shelby tube samples were taken and some SPT testing described.",no data,L.A.B.,,No well present,60,,1_ElkIsland\,Litholog_158.pdf,geology testhole,"Only the logger's initials are on the log. Assume ""L.A.B."" is Bayrock."
159,1,,19640603,ground surface,665,SRTM DEM,2.44,654570,5950704,53.703539,-112.657411,DLS description,Mobile Augers and Research Ltd.,"Not stated on logs. Assume hollow stem auger, as Shelby tube samples were taken and some SPT testing described.",no data,L.A.B.,,No well present,60,,1_ElkIsland\,Litholog_159.pdf,geology testhole,"Only the logger's initials are on the log. Assume ""L.A.B."" is Bayrock."
160,1,,19640615,ground surface,667,SRTM DEM,2.74,656204,5950571,53.701851,-112.632739,DLS description,Mobile Augers and Research Ltd.,"Not stated on logs. Assume hollow stem auger, as Shelby tube samples were taken and some SPT testing described.",no data,A.A.,,No well present,60,,1_ElkIsland\,Litholog_160.pdf,geology testhole,Only the logger's initials are on the log. Map and log locations disagree; used map position.
161,1,,19640609,ground surface,664,SRTM DEM,4.27,657873,5950628,53.701865,-112.607437,DLS description,Mobile Augers and Research Ltd.,"Not stated on logs. Assume hollow stem auger, as Shelby tube samples were taken and some SPT testing described.",no data,A.A.,,No well present,60,,1_ElkIsland\,Litholog_161.pdf,geology testhole,Only the logger's initials are on the log.
162,1,,19640609,ground surface,669,SRTM DEM,4.27,659474,5950683,53.701869,-112.583166,DLS description,Mobile Augers and Research Ltd.,"Not stated on logs. Assume hollow stem auger, as Shelby tube samples were taken and some SPT testing described.",no data,A.A.,,No well present,60,,1_ElkIsland\,Litholog_162.pdf,geology testhole,Only the logger's initials are on the log.
2,1,,19640606,ground surface,670,SRTM DEM,5.79,661691,5932929,53.541692,-112.558826,DLS description,Mobile Augers and Research Ltd.,"Not stated on logs. Assume hollow stem auger, as Shelby tube samples were taken and some SPT testing described.",no data,A.A.,,No well present,60,,1_ElkIsland\,Litholog_2.pdf,geology testhole,Only the logger's initials are on the log.
20,1,,19640717,ground surface,719,SRTM DEM,25.91,650233,5934348,53.557846,-112.730977,DLS description,Mobile Augers and Research Ltd.,"Not stated on logs. Assume hollow stem auger, as Shelby tube samples were taken and some SPT testing described.",no data,A.A.,,No well present,60,,1_ElkIsland\,Litholog_20.pdf,geology testhole,Only the logger's initials are on the log. Location ambiguous from available info; position taken off map.
22,1,,19640714,ground surface,724,SRTM DEM,21.34,651876,5934212,53.556152,-112.706258,DLS description,Mobile Augers and Research Ltd.,"Not stated on logs. Assume hollow stem auger, as Shelby tube samples were taken and some SPT testing described.",no data,A.A.,,No well present,60,,1_ElkIsland\,Litholog_22.pdf,geology testhole,Only the logger's initials are on the log.
24,1,,19640714,ground surface,708,SRTM DEM,16.76,653501,5934211,53.555671,-112.681731,DLS description,Mobile Augers and Research Ltd.,"Not stated on logs. Assume hollow stem auger, as Shelby tube samples were taken and some SPT testing described.",no data,A.A.,,No well present,60,,1_ElkIsland\,Litholog_24.pdf,geology testhole,Only the logger's initials are on the log.
26,1,,19640714,ground surface,679,SRTM DEM,14.94,655117,5934317,53.556143,-112.657303,DLS description,Mobile Augers and Research Ltd.,"Not stated on logs. Assume hollow stem auger, as Shelby tube samples were taken and some SPT testing described.",no data,A.A.,,No well present,60,,1_ElkIsland\,Litholog_26.pdf,geology testhole,Only the logger's initials are on the log.
29,1,,19640714,ground surface,680,SRTM DEM,18.29,656747,5934374,53.556172,-112.63268,DLS description,Mobile Augers and Research Ltd.,"Not stated on logs. Assume hollow stem auger, as Shelby tube samples were taken and some SPT testing described.",no data,A.A.,,No well present,60,,1_ElkIsland\,Litholog_29.pdf,geology testhole,Only the logger's initials are on the log.
3,1,,19640606,ground surface,674,SRTM DEM,6.43,660084,5932875,53.541696,-112.583092,DLS description,Mobile Augers and Research Ltd.,"Not stated on logs. Assume hollow stem auger, as Shelby tube samples were taken and some SPT testing described.",no data,A.A.,,No well present,60,,1_ElkIsland\,Litholog_3.pdf,geology testhole,Only the logger's initials are on the log.
32,1,,19640704,ground surface,678,SRTM DEM,11.89,658383,5934432,53.556203,-112.607965,DLS description,Mobile Augers and Research Ltd.,"Not stated on logs. Assume hollow stem auger, as Shelby tube samples were taken and some SPT testing described.",no data,A.A.,,No well present,60,,1_ElkIsland\,Litholog_32.pdf,geology testhole,Only the logger's initials are on the log.
35,1,,19640704,ground surface,676,SRTM DEM,5.79,660030,5934484,53.556173,-112.583082,DLS description,Mobile Augers and Research Ltd.,"Not stated on logs. Assume hollow stem auger, as Shelby tube samples were taken and some SPT testing described.",no data,A.A.,,No well present,60,,1_ElkIsland\,Litholog_35.pdf,geology testhole,Only the logger's initials are on the log.
37,1,,19640704,ground surface,671,SRTM DEM,3.35,661656,5934544,53.556206,-112.558515,DLS description,Mobile Augers and Research Ltd.,"Not stated on logs. Assume hollow stem auger, as Shelby tube samples were taken and some SPT testing described.",no data,A.A.,,No well present,60,,1_ElkIsland\,Litholog_37.pdf,geology testhole,Only the logger's initials are on the log.
78,1,,19640629,ground surface,702,SRTM DEM,18.29,648474,5938955,53.599738,-112.755328,DLS description,Mobile Augers and Research Ltd.,"Not stated on logs. Assume hollow stem auger, as Shelby tube samples were taken and some SPT testing described.",no data,A.A.,,No well present,60,,1_ElkIsland\,Litholog_78.pdf,geology testhole,Only the logger's initials are on the log.
79,1,,19640624,ground surface,704,SRTM DEM,14.94,646828,5938889,53.599615,-112.780234,DLS description,Mobile Augers and Research Ltd.,"Not stated on logs. Assume hollow stem auger, as Shelby tube samples were taken and some SPT testing described.",no data,A.A.,,No well present,60,,1_ElkIsland\,Litholog_79.pdf,geology testhole,Only the logger's initials are on the log.
8,1,,19640619,ground surface,720,SRTM DEM,15.24,653534,5932653,53.541657,-112.682005,DLS description,Mobile Augers and Research Ltd.,"Not stated on logs. Assume hollow stem auger, as Shelby tube samples were taken and some SPT testing described.",no data,A.A.,,No well present,60,,1_ElkIsland\,Litholog_8.pdf,geology testhole,Only the logger's initials are on the log.
39,1,,19640704,ground surface,669,SRTM DEM,4.88,663263,5934592,53.55614,-112.534247,DLS description,Mobile Augers and Research Ltd.,"Not stated on logs. Assume hollow stem auger, as Shelby tube samples were taken and some SPT testing described.",no data,A.A.,,No well present,60,,1_ElkIsland\,Litholog_39.pdf,geology testhole,Only the logger's initials are on the log.
4,1,,19640606,ground surface,675,SRTM DEM,17.98,658453,5932820,53.541695,-112.607725,DLS description,Mobile Augers and Research Ltd.,"Not stated on logs. Assume hollow stem auger, as Shelby tube samples were taken and some SPT testing described.",no data,A.A.,,No well present,60,,1_ElkIsland\,Litholog_4.pdf,geology testhole,Only the logger's initials are on the log.
41,1,,19640704,ground surface,673,SRTM DEM,7.92,664924,5934645,53.556099,-112.509168,DLS description,Mobile Augers and Research Ltd.,"Not stated on logs. Assume hollow stem auger, as Shelby tube samples were taken and some SPT testing described.",no data,A.A.,,No well present,60,,1_ElkIsland\,Litholog_41.pdf,geology testhole,Only the logger's initials are on the log.
42,1,,19640606,ground surface,670,SRTM DEM,5.79,664855,5936177,53.569887,-112.509399,DLS description,Mobile Augers and Research Ltd.,"Not stated on logs. Assume hollow stem auger, as Shelby tube samples were taken and some SPT testing described.",no data,A.A.,,No well present,60,,1_ElkIsland\,Litholog_42.pdf,geology testhole,Only the logger's initials are on the log.
43,1,,19640606,ground surface,669,SRTM DEM,5.79,663230,5936222,53.570793,-112.53389,DLS description,Mobile Augers and Research Ltd.,"Not stated on logs. Assume hollow stem auger, as Shelby tube samples were taken and some SPT testing described.",no data,A.A.,,No well present,60,,1_ElkIsland\,Litholog_43.pdf,geology testhole,Only the logger's initials are on the log. Log description vague; used map position.
48,1,,19640610,ground surface,681,SRTM DEM,7.32,656682,5936072,53.571444,-112.632811,DLS description,Mobile Augers and Research Ltd.,"Not stated on logs. Assume hollow stem auger, as Shelby tube samples were taken and some SPT testing described.",no data,A.A.,,No well present,60,,1_ElkIsland\,Litholog_48.pdf,geology testhole,Only the logger's initials are on the log.
49,1,,19640620,ground surface,693,SRTM DEM,14.94,653456,5935870,53.570591,-112.681603,DLS description,Mobile Augers and Research Ltd.,"Not stated on logs. Assume hollow stem auger, as Shelby tube samples were taken and some SPT testing described.",no data,A.A.,,No well present,60,,1_ElkIsland\,Litholog_49.pdf,geology testhole,Only the logger's initials are on the log.
5,1,,19640619,ground surface,668,SRTM DEM,5.49,663318,5932964,53.541503,-112.534275,DLS description,Mobile Augers and Research Ltd.,"Not stated on logs. Assume hollow stem auger, as Shelby tube samples were taken and some SPT testing described.",no data,A.A.,,No well present,60,,1_ElkIsland\,Litholog_5.pdf,geology testhole,Only the logger's initials are on the log.
50,1,,19640622,ground surface,703,SRTM DEM,14.94,651834,5935820,53.570612,-112.706115,DLS description,Mobile Augers and Research Ltd.,"Not stated on logs. Assume hollow stem auger, as Shelby tube samples were taken and some SPT testing described.",no data,A.A.,,No well present,60,,1_ElkIsland\,Litholog_50.pdf,geology testhole,Only the logger's initials are on the log.
51,1,,19640728,ground surface,709,SRTM DEM,16.76,650185,5935758,53.570527,-112.731026,DLS description,Mobile Augers and Research Ltd.,"Not stated on logs. Assume hollow stem auger, as Shelby tube samples were taken and some SPT testing described.",no data,A.A.,,No well present,60,,1_ElkIsland\,Litholog_51.pdf,geology testhole,Only the logger's initials are on the log.
52,1,,19640623,ground surface,704,SRTM DEM,18.29,648572,5935730,53.57074,-112.755385,DLS description,Mobile Augers and Research Ltd.,"Not stated on logs. Assume hollow stem auger, as Shelby tube samples were taken and some SPT testing described.",no data,A.A.,,No well present,60,,1_ElkIsland\,Litholog_52.pdf,geology testhole,Only the logger's initials are on the log.
53,1,,19640623,ground surface,716,SRTM DEM,14.94,646944,5935672,53.570673,-112.779989,DLS description,Mobile Augers and Research Ltd.,"Not stated on logs. Assume hollow stem auger, as Shelby tube samples were taken and some SPT testing described.",no data,A.A.,,No well present,60,,1_ElkIsland\,Litholog_53.pdf,geology testhole,Only the logger's initials are on the log.
54,1,,19640904,ground surface,707,SRTM DEM,16.76,645318,5935612,53.570583,-112.804559,DLS description,Mobile Augers and Research Ltd.,"Not stated on logs. Assume hollow stem auger, as Shelby tube samples were taken and some SPT testing described.",no data,A.A.,,No well present,60,,1_ElkIsland\,Litholog_54.pdf,geology testhole,Only the logger's initials are on the log.
56,1,,19640721,ground surface,707,SRTM DEM,15.24,646876,5937290,53.585234,-112.780253,DLS description,Mobile Augers and Research Ltd.,"Not stated on logs. Assume hollow stem auger, as Shelby tube samples were taken and some SPT testing described.",no data,A.A.,,No well present,60,,1_ElkIsland\,Litholog_56.pdf,geology testhole,Only the logger's initials are on the log.
57,1,,19640623,ground surface,693,SRTM DEM,13.41,648524,5937332,53.585143,-112.755357,DLS description,Mobile Augers and Research Ltd.,"Not stated on logs. Assume hollow stem auger, as Shelby tube samples were taken and some SPT testing described.",no data,A.A.,,No well present,60,,1_ElkIsland\,Litholog_57.pdf,geology testhole,Only the logger's initials are on the log.
58,1,,19640629,ground surface,698,SRTM DEM,25.3,650158,5937384,53.585145,-112.730658,DLS description,Mobile Augers and Research Ltd.,"Not stated on logs. Assume hollow stem auger, as Shelby tube samples were taken and some SPT testing described.",no data,A.A.,,No well present,60,,1_ElkIsland\,Litholog_58.pdf,geology testhole,Only the logger's initials are on the log.
59,1,,19640620,ground surface,689,SRTM DEM,5.79,653399,5937500,53.585245,-112.681663,DLS description,Mobile Augers and Research Ltd.,"Not stated on logs. Assume hollow stem auger, as Shelby tube samples were taken and some SPT testing described.",no data,A.A.,,No well present,60,,1_ElkIsland\,Litholog_59.pdf,geology testhole,Only the logger's initials are on the log.
6,1,,19640620,ground surface,678,SRTM DEM,21.64,656805,5932820,53.542193,-112.632576,DLS description,Mobile Augers and Research Ltd.,"Not stated on logs. Assume hollow stem auger, as Shelby tube samples were taken and some SPT testing described.",no data,A.A.,,No well present,60,,1_ElkIsland\,Litholog_6.pdf,geology testhole,Only the logger's initials are on the log.
60,1,,19640605,ground surface,692,SRTM DEM,21.03,651791,5937449,53.585262,-112.705966,DLS description,Mobile Augers and Research Ltd.,"Not stated on logs. Assume hollow stem auger, as Shelby tube samples were taken and some SPT testing described.",no data,A.A.,,No well present,60,,1_ElkIsland\,Litholog_60.pdf,geology testhole,Only the logger's initials are on the log.
61,1,,19640615,ground surface,681,SRTM DEM,10.36,655007,5937556,53.585278,-112.65735,DLS description,Mobile Augers and Research Ltd.,"Not stated on logs. Assume hollow stem auger, as Shelby tube samples were taken and some SPT testing described.",no data,A.A.,,No well present,60,,1_ElkIsland\,Litholog_61.pdf,geology testhole,Only the logger's initials are on the log.
62,1,,19640615,ground surface,685,SRTM DEM,4.27,656638,5937610,53.585279,-112.632703,DLS description,Mobile Augers and Research Ltd.,"Not stated on logs. Assume hollow stem auger, as Shelby tube samples were taken and some SPT testing described.",no data,A.A.,,No well present,60,,1_ElkIsland\,Litholog_62.pdf,geology testhole,Only the logger's initials are on the log.
63,1,,19640615,ground surface,682,SRTM DEM,2.74,658290,5937669,53.585316,-112.607717,DLS description,Mobile Augers and Research Ltd.,"Not stated on logs. Assume hollow stem auger, as Shelby tube samples were taken and some SPT testing described.",no data,A.A.,,No well present,60,,1_ElkIsland\,Litholog_63.pdf,geology testhole,Only the logger's initials are on the log.
64,1,,19640615,ground surface,673,SRTM DEM,2.74,659902,5937723,53.585309,-112.583364,DLS description,Mobile Augers and Research Ltd.,"Not stated on logs. Assume hollow stem auger, as Shelby tube samples were taken and some SPT testing described.",no data,A.A.,,No well present,60,,1_ElkIsland\,Litholog_64.pdf,geology testhole,Only the logger's initials are on the log.
65,1,,19640608,ground surface,670,SRTM DEM,3.96,661550,5937771,53.585234,-112.558457,DLS description,Mobile Augers and Research Ltd.,"Not stated on logs. Assume hollow stem auger, as Shelby tube samples were taken and some SPT testing described.",no data,A.A.,,No well present,60,,1_ElkIsland\,Litholog_65.pdf,geology testhole,Only the logger's initials are on the log.
66,1,,19640608,ground surface,672,SRTM DEM,5.49,663178,5937826,53.585224,-112.533836,DLS description,Mobile Augers and Research Ltd.,"Not stated on logs. Assume hollow stem auger, as Shelby tube samples were taken and some SPT testing described.",no data,A.A.,,No well present,60,,1_ElkIsland\,Litholog_66.pdf,geology testhole,Only the logger's initials are on the log.
67,1,,19640610,ground surface,670,SRTM DEM,2.74,664793,5938003,53.586311,-112.509369,DLS description,Mobile Augers and Research Ltd.,"Not stated on logs. Assume hollow stem auger, as Shelby tube samples were taken and some SPT testing described.",no data,A.A.,,No well present,60,,1_ElkIsland\,Litholog_67.pdf,geology testhole,Only the logger's initials are on the log. Log description vague; used map position.
68,1,,19640610,ground surface,669,SRTM DEM,2.74,664755,5939514,53.599893,-112.509145,DLS description,Mobile Augers and Research Ltd.,"Not stated on logs. Assume hollow stem auger, as Shelby tube samples were taken and some SPT testing described.",no data,A.A.,,No well present,60,,1_ElkIsland\,Litholog_68.pdf,geology testhole,Only the logger's initials are on the log. Log description vague; used map position.
69,1,,19640608,ground surface,673,SRTM DEM,3.96,663105,5939454,53.599873,-112.534098,DLS description,Mobile Augers and Research Ltd.,"Not stated on logs. Assume hollow stem auger, as Shelby tube samples were taken and some SPT testing described.",no data,A.A.,,No well present,60,,1_ElkIsland\,Litholog_69.pdf,geology testhole,Only the logger's initials are on the log.
7,1,,19640620,ground surface,684,SRTM DEM,8.84,655189,5932707,53.54166,-112.657015,DLS description,Mobile Augers and Research Ltd.,"Not stated on logs. Assume hollow stem auger, as Shelby tube samples were taken and some SPT testing described.",no data,A.A.,,No well present,60,,1_ElkIsland\,Litholog_7.pdf,geology testhole,Only the logger's initials are on the log.
70,1,,19640608,ground surface,672,SRTM DEM,3.96,661475,5939384,53.599745,-112.558753,DLS description,Mobile Augers and Research Ltd.,"Not stated on logs. Assume hollow stem auger, as Shelby tube samples were taken and some SPT testing described.",no data,A.A.,,No well present,60,,1_ElkIsland\,Litholog_70.pdf,geology testhole,Only the logger's initials are on the log.
71,1,,19640608,ground surface,671,SRTM DEM,3.96,659865,5939355,53.599983,-112.583084,DLS description,Mobile Augers and Research Ltd.,"Not stated on logs. Assume hollow stem auger, as Shelby tube samples were taken and some SPT testing described.",no data,A.A.,,No well present,60,,1_ElkIsland\,Litholog_71.pdf,geology testhole,Only the logger's initials are on the log.
72,1,,19640608,ground surface,682,SRTM DEM,5.49,658216,5939298,53.59997,-112.608017,DLS description,Mobile Augers and Research Ltd.,"Not stated on logs. Assume hollow stem auger, as Shelby tube samples were taken and some SPT testing described.",no data,A.A.,,No well present,60,,1_ElkIsland\,Litholog_72.pdf,geology testhole,Only the logger's initials are on the log.
73,1,,19640608,ground surface,687,SRTM DEM,3.96,656585,5939239,53.599927,-112.632684,DLS description,Mobile Augers and Research Ltd.,"Not stated on logs. Assume hollow stem auger, as Shelby tube samples were taken and some SPT testing described.",no data,A.A.,,No well present,60,,1_ElkIsland\,Litholog_73.pdf,geology testhole,Only the logger's initials are on the log.
74,1,,19640615,ground surface,688,SRTM DEM,2.74,654978,5939163,53.599727,-112.656996,DLS description,Mobile Augers and Research Ltd.,"Not stated on logs. Assume hollow stem auger, as Shelby tube samples were taken and some SPT testing described.",no data,A.A.,,No well present,60,,1_ElkIsland\,Litholog_74.pdf,geology testhole,Only the logger's initials are on the log.
75,1,,19640605,ground surface,700,SRTM DEM,19.51,651718,5939058,53.599734,-112.706279,DLS description,Mobile Augers and Research Ltd.,"Not stated on logs. Assume hollow stem auger, as Shelby tube samples were taken and some SPT testing described.",no data,A.A.,,No well present,60,,1_ElkIsland\,Litholog_75.pdf,geology testhole,Only the logger's initials are on the log. No location on log; used map position.
76,1,,19640620,ground surface,685,SRTM DEM,4.27,653361,5939127,53.599874,-112.681431,DLS description,Mobile Augers and Research Ltd.,"Not stated on logs. Assume hollow stem auger, as Shelby tube samples were taken and some SPT testing described.",no data,A.A.,,No well present,60,,1_ElkIsland\,Litholog_76.pdf,geology testhole,Only the logger's initials are on the log.
77,1,,19640622,ground surface,699,SRTM DEM,18.29,650111,5939007,53.59974,-112.730588,DLS description,Mobile Augers and Research Ltd.,"Not stated on logs. Assume hollow stem auger, as Shelby tube samples were taken and some SPT testing described.",no data,A.A.,,No well present,60,,1_ElkIsland\,Litholog_77.pdf,geology testhole,Only the logger's initials are on the log.
80,1,,19640624,ground surface,710,SRTM DEM,14.02,645211,5938854,53.599749,-112.804667,DLS description,Mobile Augers and Research Ltd.,"Not stated on logs. Assume hollow stem auger, as Shelby tube samples were taken and some SPT testing described.",no data,A.A.,,No well present,60,,1_ElkIsland\,Litholog_80.pdf,geology testhole,Only the logger's initials are on the log.
81,1,,19640624,ground surface,710,SRTM DEM,19.81,645184,5940461,53.614194,-112.804333,DLS description,Mobile Augers and Research Ltd.,"Not stated on logs. Assume hollow stem auger, as Shelby tube samples were taken and some SPT testing described.",no data,A.A.,,No well present,60,,1_ElkIsland\,Litholog_81.pdf,geology testhole,Only the logger's initials are on the log.
82,1,,19640624,ground surface,702,SRTM DEM,18.29,646799,5940510,53.614183,-112.7799,DLS description,Mobile Augers and Research Ltd.,"Not stated on logs. Assume hollow stem auger, as Shelby tube samples were taken and some SPT testing described.",no data,A.A.,,No well present,60,,1_ElkIsland\,Litholog_82.pdf,geology testhole,Only the logger's initials are on the log.
83,1,,19640720,ground surface,705,SRTM DEM,24.38,648425,5940559,53.614171,-112.755303,DLS description,Mobile Augers and Research Ltd.,"Not stated on logs. Assume hollow stem auger, as Shelby tube samples were taken and some SPT testing described.",no data,A.A.,,No well present,60,,1_ElkIsland\,Litholog_83.pdf,geology testhole,Only the logger's initials are on the log.
84,1,,19640622,ground surface,705,SRTM DEM,30.48,650035,5940620,53.614255,-112.730948,DLS description,Mobile Augers and Research Ltd.,"Not stated on logs. Assume hollow stem auger, as Shelby tube samples were taken and some SPT testing described.",no data,A.A.,,No well present,60,,1_ElkIsland\,Litholog_84.pdf,geology testhole,Only the logger's initials are on the log.
85,1,,19640620,ground surface,689,SRTM DEM,4.27,653285,5940734,53.614338,-112.68179,DLS description,Mobile Augers and Research Ltd.,"Not stated on logs. Assume hollow stem auger, as Shelby tube samples were taken and some SPT testing described.",no data,A.A.,,No well present,60,,1_ElkIsland\,Litholog_85.pdf,geology testhole,Only the logger's initials are on the log.
86,1,,19640605,ground surface,697,SRTM DEM,10.36,651666,5940686,53.614376,-112.706275,DLS description,Mobile Augers and Research Ltd.,"Not stated on logs. Assume hollow stem auger, as Shelby tube samples were taken and some SPT testing described.",no data,A.A.,,No well present,60,,1_ElkIsland\,Litholog_86.pdf,geology testhole,Only the logger's initials are on the log. Log description vague; used map position.
87,1,,19640615,ground surface,693,SRTM DEM,3.35,654929,5940795,53.614402,-112.656917,DLS description,Mobile Augers and Research Ltd.,"Not stated on logs. Assume hollow stem auger, as Shelby tube samples were taken and some SPT testing described.",no data,A.A.,,No well present,60,,1_ElkIsland\,Litholog_87.pdf,geology testhole,Only the logger's initials are on the log.
88,1,,19640615,ground surface,686,SRTM DEM,2.74,656533,5940849,53.614408,-112.63265,DLS description,Mobile Augers and Research Ltd.,"Not stated on logs. Assume hollow stem auger, as Shelby tube samples were taken and some SPT testing described.",no data,A.A.,,No well present,60,,1_ElkIsland\,Litholog_88.pdf,geology testhole,Only the logger's initials are on the log.
163,1,,19640609,ground surface,673,SRTM DEM,14.94,661122,5950727,53.701763,-112.558201,DLS description,Mobile Augers and Research Ltd.,"Not stated on logs. Assume hollow stem auger, as Shelby tube samples were taken and some SPT testing described.",no data,A.A.,,No well present,60,,1_ElkIsland\,Litholog_163.pdf,geology testhole,Only the logger's initials are on the log.
164,1,,19640713,ground surface,687,SRTM DEM,21.34,662727,5950781,53.701744,-112.533863,DLS description,Mobile Augers and Research Ltd.,"Not stated on logs. Assume hollow stem auger, as Shelby tube samples were taken and some SPT testing described.",no data,A.A.,,No well present,60,,1_ElkIsland\,Litholog_164.pdf,geology testhole,Only the logger's initials are on the log.
165,1,,19640703,ground surface,692,SRTM DEM,28.04,664360,5950852,53.701871,-112.509111,DLS description,Mobile Augers and Research Ltd.,"Not stated on logs. Assume hollow stem auger, as Shelby tube samples were taken and some SPT testing described.",no data,A.A.,,No well present,60,,1_ElkIsland\,Litholog_165.pdf,geology testhole,Only the logger's initials are on the log.
166,1,,19640630,ground surface,682,SRTM DEM,30.48,664283,5952425,53.716032,-112.509433,DLS description,Mobile Augers and Research Ltd.,"Not stated on logs. Assume hollow stem auger, as Shelby tube samples were taken and some SPT testing described.",no data,A.A.,,No well present,60,,1_ElkIsland\,Litholog_166.pdf,geology testhole,Only the logger's initials are on the log. Log description vague; used map position.
17,1,,19640717,ground surface,717,SRTM DEM,25.91,648602,5934104,53.556118,-112.755707,DLS description,Mobile Augers and Research Ltd.,"Not stated on logs. Assume hollow stem auger, as Shelby tube samples were taken and some SPT testing described.",no data,A.A.,,No well present,60,,1_ElkIsland\,Litholog_17.pdf,geology testhole,Only the logger's initials are on the log.
170,1,,19640630,ground surface,686,SRTM DEM,30.48,662667,5952373,53.716072,-112.533935,DLS description,Mobile Augers and Research Ltd.,"Not stated on logs. Assume hollow stem auger, as Shelby tube samples were taken and some SPT testing described.",no data,A.A.,,No well present,60,,1_ElkIsland\,Litholog_170.pdf,geology testhole,Only the logger's initials are on the log. Position taken off map; log is vague.
173,1,,19640702,ground surface,675,SRTM DEM,10.97,661052,5952321,53.716106,-112.558426,DLS description,Mobile Augers and Research Ltd.,"Not stated on logs. Assume hollow stem auger, as Shelby tube samples were taken and some SPT testing described.",no data,A.A.,,No well present,60,,1_ElkIsland\,Litholog_173.pdf,geology testhole,Only the logger's initials are on the log.
176,1,,19640702,ground surface,668,SRTM DEM,13.41,659424,5952274,53.716182,-112.583112,DLS description,Mobile Augers and Research Ltd.,"Not stated on logs. Assume hollow stem auger, as Shelby tube samples were taken and some SPT testing described.",no data,A.A.,,No well present,60,,1_ElkIsland\,Litholog_176.pdf,geology testhole,Only the logger's initials are on the log.
179,1,,19640702,ground surface,665,SRTM DEM,13.41,657790,5952219,53.716185,-112.607887,DLS description,Mobile Augers and Research Ltd.,"Not stated on logs. Assume hollow stem auger, as Shelby tube samples were taken and some SPT testing described.",no data,A.A.,,No well present,60,,1_ElkIsland\,Litholog_179.pdf,geology testhole,Only the logger's initials are on the log.
182,1,,19640702,ground surface,664,SRTM DEM,5.49,656156,5952164,53.716182,-112.632663,DLS description,Mobile Augers and Research Ltd.,"Not stated on logs. Assume hollow stem auger, as Shelby tube samples were taken and some SPT testing described.",no data,A.A.,,No well present,60,,1_ElkIsland\,Litholog_182.pdf,geology testhole,Only the logger's initials are on the log. Map and log locations disagree; used map position.
185,1,,19640702,ground surface,657,SRTM DEM,5.79,654532,5952114,53.716218,-112.657282,DLS description,Mobile Augers and Research Ltd.,"Not stated on logs. Assume hollow stem auger, as Shelby tube samples were taken and some SPT testing described.",no data,A.A.,,No well present,60,,1_ElkIsland\,Litholog_185.pdf,geology testhole,Only the logger's initials are on the log. Map and log locations disagree; used map position.
186,1,,19640603,ground surface,658,SRTM DEM,3.96,652884,5952059,53.716212,-112.682273,DLS description,Mobile Augers and Research Ltd.,"Not stated on logs. Assume hollow stem auger, as Shelby tube samples were taken and some SPT testing described.",no data,A.A.,,No well present,60,,1_ElkIsland\,Litholog_186.pdf,geology testhole,Only the logger's initials are on the log.
187,1,,19640603,ground surface,660,SRTM DEM,3.96,651277,5952012,53.716249,-112.706637,DLS description,Mobile Augers and Research Ltd.,"Not stated on logs. Assume hollow stem auger, as Shelby tube samples were taken and some SPT testing described.",no data,L.A.B.,,No well present,60,,1_ElkIsland\,Litholog_187.pdf,geology testhole,"Only the logger's initials are on the log. Assume ""L.A.B."" is Bayrock. Map and log locations disagree; used map position."
188,1,,19640603,ground surface,664,SRTM DEM,3.96,649653,5951961,53.716267,-112.731263,DLS description,Mobile Augers and Research Ltd.,"Not stated on logs. Assume hollow stem auger, as Shelby tube samples were taken and some SPT testing described.",no data,L.A.B.,,No well present,60,,1_ElkIsland\,Litholog_188.pdf,geology testhole,"Only the logger's initials are on the log. Assume ""L.A.B."" is Bayrock."
189,1,,19640603,ground surface,674,SRTM DEM,3.96,648031,5951917,53.716332,-112.755844,DLS description,Mobile Augers and Research Ltd.,"Not stated on logs. Assume hollow stem auger, as Shelby tube samples were taken and some SPT testing described.",no data,L.A.B.,,No well present,60,,1_ElkIsland\,Litholog_189.pdf,geology testhole,"Only the logger's initials are on the log. Assume ""L.A.B."" is Bayrock."
190,1,,19640619,ground surface,694,SRTM DEM,2.44,646722,5951877,53.716339,-112.775689,DLS description,Mobile Augers and Research Ltd.,"Not stated on logs. Assume hollow stem auger, as Shelby tube samples were taken and some SPT testing described.",no data,A.A.,,No well present,60,,1_ElkIsland\,Litholog_190.pdf,geology testhole,Only the logger's initials are on the log.
1,1,,19640615,ground surface,666,SRTM DEM,14.94,664959,5933040,53.541675,-112.509489,DLS description,Mobile Augers and Research Ltd.,"Not stated on logs. Assume hollow stem auger, as Shelby tube samples were taken and some SPT testing described.",no data,A.A.,,No well present,60,,1_ElkIsland\,Litholog_1.pdf,geology testhole,Only the logger's initials are on the log.
100,1,,19640615,ground surface,685,SRTM DEM,5.79,654876,5942420,53.629022,-112.656908,DLS description,Mobile Augers and Research Ltd.,"Not stated on logs. Assume hollow stem auger, as Shelby tube samples were taken and some SPT testing described.",no data,A.A.,,No well present,60,,1_ElkIsland\,Litholog_100.pdf,geology testhole,Only the logger's initials are on the log.
101,1,,19640611,ground surface,691,SRTM DEM,5.49,653227,5942344,53.62882,-112.68187,DLS description,Mobile Augers and Research Ltd.,"Not stated on logs. Assume hollow stem auger, as Shelby tube samples were taken and some SPT testing described.",no data,A.A.,,No well present,60,,1_ElkIsland\,Litholog_101.pdf,geology testhole,Only the logger's initials are on the log.
102,1,,19640622,ground surface,703,SRTM DEM,10.36,651603,5942310,53.628984,-112.706432,DLS description,Mobile Augers and Research Ltd.,"Not stated on logs. Assume hollow stem auger, as Shelby tube samples were taken and some SPT testing described.",no data,A.A.,,No well present,60,,1_ElkIsland\,Litholog_102.pdf,geology testhole,Only the logger's initials are on the log.
103,1,,19640622,ground surface,709,SRTM DEM,18.29,649980,5942234,53.628773,-112.731005,DLS description,Mobile Augers and Research Ltd.,"Not stated on logs. Assume hollow stem auger, as Shelby tube samples were taken and some SPT testing described.",no data,A.A.,,No well present,60,,1_ElkIsland\,Litholog_103.pdf,geology testhole,"Only the logger's initials are on the log. Log location ambiguous, location taken from map."
104,1,,19640720,ground surface,719,SRTM DEM,24.38,648373,5942200,53.628923,-112.755314,DLS description,Mobile Augers and Research Ltd.,"Not stated on logs. Assume hollow stem auger, as Shelby tube samples were taken and some SPT testing described.",no data,A.A.,,No well present,60,,1_ElkIsland\,Litholog_104.pdf,geology testhole,Only the logger's initials are on the log.
105,1,,19640904,ground surface,713,SRTM DEM,16.46,646726,5942127,53.628735,-112.780247,DLS description,Mobile Augers and Research Ltd.,"Not stated on logs. Assume hollow stem auger, as Shelby tube samples were taken and some SPT testing described.",no data,A.A.,,No well present,60,,1_ElkIsland\,Litholog_105.pdf,geology testhole,Only the logger's initials are on the log. No location on log; position taken from map
106,1,,19640727,ground surface,735,SRTM DEM,25.91,645110,5942116,53.629088,-112.804675,DLS description,Mobile Augers and Research Ltd.,"Not stated on logs. Assume hollow stem auger, as Shelby tube samples were taken and some SPT testing described.",no data,A.A.,,No well present,60,,1_ElkIsland\,Litholog_106.pdf,geology testhole,Only the logger's initials are on the log.
108,1,,19640720,ground surface,727,SRTM DEM,21.34,648305,5943818,53.64348,-112.755569,DLS description,Mobile Augers and Research Ltd.,"Not stated on logs. Assume hollow stem auger, as Shelby tube samples were taken and some SPT testing described.",no data,A.A.,,No well present,60,,1_ElkIsland\,Litholog_108.pdf,geology testhole,Only the logger's initials are on the log.
109,1,,19640819,ground surface,725,SRTM DEM,22.56,649908,5943867,53.643464,-112.731303,DLS description,Mobile Augers and Research Ltd.,"Not stated on logs. Assume hollow stem auger, as Shelby tube samples were taken and some SPT testing described.",no data,A.A.,,No well present,60,,1_ElkIsland\,Litholog_109.pdf,geology testhole,Only the logger's initials are on the log.
11,1,,19640623,ground surface,726,SRTM DEM,27.43,648670,5932503,53.541714,-112.755449,DLS description,Mobile Augers and Research Ltd.,"Not stated on logs. Assume hollow stem auger, as Shelby tube samples were taken and some SPT testing described.",no data,A.A.,,No well present,60,,1_ElkIsland\,Litholog_11.pdf,geology testhole,Only the logger's initials are on the log.
110,1,,19640620,ground surface,681,SRTM DEM,2.74,653192,5943973,53.643466,-112.681596,DLS description,Mobile Augers and Research Ltd.,"Not stated on logs. Assume hollow stem auger, as Shelby tube samples were taken and some SPT testing described.",no data,A.A.,,No well present,60,,1_ElkIsland\,Litholog_110.pdf,geology testhole,Only the logger's initials are on the log.
111,1,,19640606,ground surface,705,SRTM DEM,10.36,651541,5943927,53.643533,-112.706583,DLS description,Mobile Augers and Research Ltd.,"Not stated on logs. Assume hollow stem auger, as Shelby tube samples were taken and some SPT testing described.",no data,A.A.,,No well present,60,,1_ElkIsland\,Litholog_111.pdf,geology testhole,Only the logger's initials are on the log. Map and log locations disagree; used map position.
112,1,,19640615,ground surface,672,SRTM DEM,4.27,654797,5944032,53.643529,-112.657306,DLS description,Mobile Augers and Research Ltd.,"Not stated on logs. Assume hollow stem auger, as Shelby tube samples were taken and some SPT testing described.",no data,A.A.,,No well present,60,,1_ElkIsland\,Litholog_112.pdf,geology testhole,Only the logger's initials are on the log.
89,1,,19640608,ground surface,672,SRTM DEM,2.44,658166,5940910,53.614468,-112.607957,DLS description,Mobile Augers and Research Ltd.,"Not stated on logs. Assume hollow stem auger, as Shelby tube samples were taken and some SPT testing described.",no data,A.A.,,No well present,60,,1_ElkIsland\,Litholog_89.pdf,geology testhole,Only the logger's initials are on the log.
9,1,,19640629,ground surface,737,SRTM DEM,25.6,651910,5932602,53.541676,-112.706518,DLS description,Mobile Augers and Research Ltd.,"Not stated on logs. Assume hollow stem auger, as Shelby tube samples were taken and some SPT testing described.",no data,A.A.,,No well present,60,,1_ElkIsland\,Litholog_9.pdf,geology testhole,Only the logger's initials are on the log.
90,1,,19640608,ground surface,672,SRTM DEM,3.96,659789,5940965,53.614468,-112.583398,DLS description,Mobile Augers and Research Ltd.,"Not stated on logs. Assume hollow stem auger, as Shelby tube samples were taken and some SPT testing described.",no data,A.A.,,No well present,60,,1_ElkIsland\,Litholog_90.pdf,geology testhole,Only the logger's initials are on the log.
91,1,,19640608,ground surface,675,SRTM DEM,3.96,661419,5941022,53.614478,-112.55874,DLS description,Mobile Augers and Research Ltd.,"Not stated on logs. Assume hollow stem auger, as Shelby tube samples were taken and some SPT testing described.",no data,A.A.,,No well present,60,,1_ElkIsland\,Litholog_91.pdf,geology testhole,Only the logger's initials are on the log.
92,1,,19640609,ground surface,673,SRTM DEM,4.27,663071,5941066,53.614361,-112.533757,DLS description,Mobile Augers and Research Ltd.,"Not stated on logs. Assume hollow stem auger, as Shelby tube samples were taken and some SPT testing described.",no data,A.A.,,No well present,60,,1_ElkIsland\,Litholog_92.pdf,geology testhole,Only the logger's initials are on the log.
93,1,,19640609,ground surface,669,SRTM DEM,4.27,664699,5941126,53.614392,-112.509138,DLS description,Mobile Augers and Research Ltd.,"Not stated on logs. Assume hollow stem auger, as Shelby tube samples were taken and some SPT testing described.",no data,A.A.,,No well present,60,,1_ElkIsland\,Litholog_93.pdf,geology testhole,Only the logger's initials are on the log. Map and log locations disagree; used map position.
94,1,,19640609,ground surface,674,SRTM DEM,4.27,664643,5942752,53.629021,-112.509122,DLS description,Mobile Augers and Research Ltd.,"Not stated on logs. Assume hollow stem auger, as Shelby tube samples were taken and some SPT testing described.",no data,A.A.,,No well present,60,,1_ElkIsland\,Litholog_94.pdf,geology testhole,Only the logger's initials are on the log.
95,1,,19640609,ground surface,670,SRTM DEM,4.27,662997,5942700,53.629063,-112.534023,DLS description,Mobile Augers and Research Ltd.,"Not stated on logs. Assume hollow stem auger, as Shelby tube samples were taken and some SPT testing described.",no data,A.A.,,No well present,60,,1_ElkIsland\,Litholog_95.pdf,geology testhole,Only the logger's initials are on the log.
96,1,,19640608,ground surface,672,SRTM DEM,3.96,661365,5942625,53.6289,-112.558734,DLS description,Mobile Augers and Research Ltd.,"Not stated on logs. Assume hollow stem auger, as Shelby tube samples were taken and some SPT testing described.",no data,A.A.,,No well present,60,,1_ElkIsland\,Litholog_96.pdf,geology testhole,Only the logger's initials are on the log.
97,1,,19640608,ground surface,670,SRTM DEM,3.96,659734,5942595,53.629134,-112.583397,DLS description,Mobile Augers and Research Ltd.,"Not stated on logs. Assume hollow stem auger, as Shelby tube samples were taken and some SPT testing described.",no data,A.A.,,No well present,60,,1_ElkIsland\,Litholog_97.pdf,geology testhole,Only the logger's initials are on the log.
98,1,,19640608,ground surface,672,SRTM DEM,5.49,658106,5942539,53.629122,-112.608022,DLS description,Mobile Augers and Research Ltd.,"Not stated on logs. Assume hollow stem auger, as Shelby tube samples were taken and some SPT testing described.",no data,A.A.,,No well present,60,,1_ElkIsland\,Litholog_98.pdf,geology testhole,Only the logger's initials are on the log.
99,1,,19640615,ground surface,673,SRTM DEM,2.74,656480,5942480,53.629082,-112.632638,DLS description,Mobile Augers and Research Ltd.,"Not stated on logs. Assume hollow stem auger, as Shelby tube samples were taken and some SPT testing described.",no data,A.A.,,No well present,60,,1_ElkIsland\,Litholog_99.pdf,geology testhole,Only the logger's initials are on the log.
SA-82-30,14,,1982,ground surface,917,SRTM DEM,25.3,664403,5602978,50.57572,-112.677121,DLS description,Canadian Geological Drilling Ltd.,solid stem auger,no data,I. Shetsen,Alberta Geological Survey,No well present,400,topographic map,14_SAlta_Shetsen\,Litholog_SA-82-30.pdf,geology testhole,
SA-82-31,14,,1982,ground surface,968,SRTM DEM,11.6,657783,5606026,50.604945,-112.769282,DLS description,Canadian Geological Drilling Ltd.,solid stem auger,no data,I. Shetsen,Alberta Geological Survey,No well present,400,topographic map,14_SAlta_Shetsen\,Litholog_SA-82-31.pdf,geology testhole,
SA-82-32,14,,1982,ground surface,873,SRTM DEM,32.9,647184,5605713,50.604908,-112.91914,DLS description,Canadian Geological Drilling Ltd.,solid stem auger,no data,I. Shetsen,Alberta Geological Survey,No well present,400,topographic map,14_SAlta_Shetsen\,Litholog_SA-82-32.pdf,geology testhole,
SA-82-33,14,,1982,ground surface,948,SRTM DEM,45.1,641640,5599069,50.546544,-113.00001,DLS description,Canadian Geological Drilling Ltd.,solid stem auger,no data,I. Shetsen,Alberta Geological Survey,No well present,400,topographic map,14_SAlta_Shetsen\,Litholog_SA-82-33.pdf,geology testhole,
SA-82-34,14,,1982,ground surface,1011,SRTM DEM,43.6,607169,5605559,50.612253,-113.484659,DLS description,Canadian Geological Drilling Ltd.,solid stem auger,no data,I. Shetsen,Alberta Geological Survey,No well present,400,topographic map,14_SAlta_Shetsen\,Litholog_SA-82-34.pdf,geology testhole,
SA-82-35,14,,1982,ground surface,1016,SRTM DEM,44,592447,5606885,50.626695,-113.692431,DLS description,Canadian Geological Drilling Ltd.,solid stem auger,no data,I. Shetsen,Alberta Geological Survey,No well present,400,topographic map,14_SAlta_Shetsen\,Litholog_SA-82-35.pdf,geology testhole,
SA-82-36,14,,1982,ground surface,764,SRTM DEM,35,691772,5637921,50.881378,-112.27267,DLS description,Canadian Geological Drilling Ltd.,solid stem auger,no data,I. Shetsen,Alberta Geological Survey,No well present,400,topographic map,14_SAlta_Shetsen\,Litholog_SA-82-36.pdf,geology testhole,
SA-82-37,14,,1982,ground surface,850,SRTM DEM,35,669760,5641194,50.917692,-112.583882,DLS description,Canadian Geological Drilling Ltd.,solid stem auger,no data,I. Shetsen,Alberta Geological Survey,No well present,400,topographic map,14_SAlta_Shetsen\,Litholog_SA-82-37.pdf,geology testhole,
SA-82-5,14,,1982,ground surface,901,SRTM DEM,37.5,783533,5464439,49.286476,-111.099133,DLS description,Canadian Geological Drilling Ltd.,solid stem auger,no data,I. Shetsen,Alberta Geological Survey,No well present,400,topographic map,14_SAlta_Shetsen\,Litholog_SA-82-5.pdf,geology testhole,
SA-82-6,14,,1982,ground surface,902,SRTM DEM,26.8,790525,5455888,49.206424,-111.009386,DLS description,Canadian Geological Drilling Ltd.,solid stem auger,no data,I. Shetsen,Alberta Geological Survey,No well present,400,topographic map,14_SAlta_Shetsen\,Litholog_SA-82-6.pdf,geology testhole,
SA-82-7,14,,1982,ground surface,985,SRTM DEM,42,819893,5457531,49.206545,-110.605865,DLS description,Canadian Geological Drilling Ltd.,solid stem auger,no data,I. Shetsen,Alberta Geological Survey,No well present,400,topographic map,14_SAlta_Shetsen\,Litholog_SA-82-7.pdf,geology testhole,
SA-82-8,14,,1982,ground surface,982,SRTM DEM,10,825650,5470841,49.322926,-110.516205,DLS description,Canadian Geological Drilling Ltd.,solid stem auger,no data,I. Shetsen,Alberta Geological Survey,No well present,400,topographic map,14_SAlta_Shetsen\,Litholog_SA-82-8.pdf,geology testhole,
SA-82-9,14,,1982,ground surface,959,SRTM DEM,22.2,819473,5464807,49.272043,-110.605815,DLS description,Canadian Geological Drilling Ltd.,solid stem auger,no data,I. Shetsen,Alberta Geological Survey,No well present,400,topographic map,14_SAlta_Shetsen\,Litholog_SA-82-9.pdf,geology testhole,
SA-83-38,14,,19830927,ground surface,907,SRTM DEM,10.7,634551,5620764,50.743293,-113.092161,DLS description,Canadian Geological Drilling Ltd.,solid stem auger,no data,I. Shetsen,Alberta Geological Survey,No well present,400,topographic map,14_SAlta_Shetsen\,Litholog_SA-83-38.pdf,geology testhole,Hole number is incorrectly identified as SA-82-38 on the typed log.
SA-83-39,14,,19830927,ground surface,919,SRTM DEM,33,621346,5627732,50.808863,-113.276998,DLS description,Canadian Geological Drilling Ltd.,solid stem auger,no data,I. Shetsen,Alberta Geological Survey,No well present,400,topographic map,14_SAlta_Shetsen\,Litholog_SA-83-39.pdf,geology testhole,
SA-83-40,14,,19830928,ground surface,981,SRTM DEM,43.6,604955,5633840,50.866996,-113.507892,DLS description,Canadian Geological Drilling Ltd.,solid stem auger,no data,I. Shetsen,Alberta Geological Survey,No well present,400,topographic map,14_SAlta_Shetsen\,Litholog_SA-83-40.pdf,geology testhole,
SA-83-41,14,,19830929,ground surface,1014,SRTM DEM,43.6,587094,5633497,50.866878,-113.761831,DLS description,Canadian Geological Drilling Ltd.,solid stem auger,no data,I. Shetsen,Alberta Geological Survey,No well present,400,topographic map,14_SAlta_Shetsen\,Litholog_SA-83-41.pdf,geology testhole,
SA-83-42,14,,19831001,ground surface,948,SRTM DEM,43.6,624676,5504759,49.702255,-113.270269,DLS description,Canadian Geological Drilling Ltd.,solid stem auger,no data,I. Shetsen,Alberta Geological Survey,No well present,400,topographic map,14_SAlta_Shetsen\,Litholog_SA-83-42.pdf,geology testhole,
SA-83-43,14,,19831002,ground surface,936,SRTM DEM,43.6,650842,5500545,49.65837,-112.909096,DLS description,Canadian Geological Drilling Ltd.,solid stem auger,no data,I. Shetsen,Alberta Geological Survey,No well present,400,topographic map,14_SAlta_Shetsen\,Litholog_SA-83-43.pdf,geology testhole,
SA-83-44,14,,198310,ground surface,853,SRTM DEM,43.7,676263,5515083,49.78217,-112.550475,DLS description,Canadian Geological Drilling Ltd.,solid stem auger,no data,I. Shetsen,Alberta Geological Survey,No well present,400,topographic map,14_SAlta_Shetsen\,Litholog_SA-83-44.pdf,geology testhole,
SA-83-45,14,,19831004,ground surface,934,SRTM DEM,9.1,671191,5484091,49.505004,-112.634438,DLS description,Canadian Geological Drilling Ltd.,solid stem auger,no data,I. Shetsen,Alberta Geological Survey,No well present,400,topographic map,14_SAlta_Shetsen\,Litholog_SA-83-45.pdf,geology testhole,
SA-83-46,14,SA-82-46,19831004,ground surface,955,SRTM DEM,18.6,703241,5473853,49.403087,-112.197337,DLS description,Canadian Geological Drilling Ltd.,solid stem auger,no data,I. Shetsen,Alberta Geological Survey,No well present,400,topographic map,14_SAlta_Shetsen\,Litholog_SA-83-46.pdf,geology testhole,Hole number is incorrectly identified as SA-82-46 on the typed log.
SA-83-47,14,,1983,ground surface,846,SRTM DEM,26.8,585526,5807700,52.43372,-113.741452,DLS description,Canadian Geological Drilling Ltd.,solid stem auger,no data,I. Shetsen,Alberta Geological Survey,No well present,400,topographic map,14_SAlta_Shetsen\,Litholog_SA-83-47.pdf,geology testhole,
SA-83-48,14,,1983,ground surface,820,SRTM DEM,40,595630,5838879,52.712377,-113.583812,DLS description,Canadian Geological Drilling Ltd.,solid stem auger,no data,I. Shetsen,Alberta Geological Survey,No well present,400,topographic map,14_SAlta_Shetsen\,Litholog_SA-83-48.pdf,geology testhole,
SA-83-49,14,,1983,ground surface,758,SRTM DEM,31.4,632778,5854318,52.843297,-113.027738,DLS description,Canadian Geological Drilling Ltd.,solid stem auger,no data,I. Shetsen,Alberta Geological Survey,No well present,400,topographic map,14_SAlta_Shetsen\,Litholog_SA-83-49.pdf,geology testhole,
SA-83-50,14,,198310,ground surface,624,SRTM DEM,16.2,829499,5846022,52.684647,-110.122124,DLS description,Canadian Geological Drilling Ltd.,solid stem auger,no data,I. Shetsen,Alberta Geological Survey,No well present,400,topographic map,14_SAlta_Shetsen\,Litholog_SA-83-50.pdf,geology testhole,
SA-83-51,14,,1983,ground surface,631,SRTM DEM,45.1,829389,5847633,52.69915,-110.122131,DLS description,Canadian Geological Drilling Ltd.,solid stem auger,no data,I. Shetsen,Alberta Geological Survey,No well present,400,topographic map,14_SAlta_Shetsen\,Litholog_SA-83-51.pdf,geology testhole,
SA-83-52,14,,1983,ground surface,667,SRTM DEM,8.5,781801,5849149,52.739621,-110.823346,DLS description,Canadian Geological Drilling Ltd.,solid stem auger,no data,I. Shetsen,Alberta Geological Survey,No well present,400,topographic map,14_SAlta_Shetsen\,Litholog_SA-83-52.pdf,geology testhole,
SA-83-53,14,,1983,ground surface,661,SRTM DEM,45.1,781705,5850759,52.754115,-110.823374,DLS description,Canadian Geological Drilling Ltd.,solid stem auger,no data,I. Shetsen,Alberta Geological Survey,No well present,400,topographic map,14_SAlta_Shetsen\,Litholog_SA-83-53.pdf,geology testhole,
SA-83-54,14,,1983,ground surface,694,SRTM DEM,45.1,758428,5837914,52.65049,-111.177704,DLS description,Canadian Geological Drilling Ltd.,solid stem auger,no data,I. Shetsen,Alberta Geological Survey,No well present,400,topographic map,14_SAlta_Shetsen\,Litholog_SA-83-54.pdf,geology testhole,
SA-83-55,14,,1983,ground surface,686,SRTM DEM,29,735951,5850364,52.772501,-111.50051,DLS description,Canadian Geological Drilling Ltd.,solid stem auger,no data,I. Shetsen,Alberta Geological Survey,No well present,400,topographic map,14_SAlta_Shetsen\,Litholog_SA-83-55.pdf,geology testhole,
SA-83-56,14,,1983,ground surface,684,SRTM DEM,31.4,708208,5849479,52.775963,-111.911853,DLS description,Canadian Geological Drilling Ltd.,solid stem auger,no data,I. Shetsen,Alberta Geological Survey,No well present,400,topographic map,14_SAlta_Shetsen\,Litholog_SA-83-56.pdf,geology testhole,
SA-83-57,14,,1983,ground surface,700,SRTM DEM,24.1,666492,5857395,52.861578,-112.525831,DLS description,Canadian Geological Drilling Ltd.,solid stem auger,no data,I. Shetsen,Alberta Geological Survey,No well present,400,topographic map,14_SAlta_Shetsen\,Litholog_SA-83-57.pdf,geology testhole,
SA-83-58,14,,1983,ground surface,769,SRTM DEM,36,625862,5854134,52.843305,-113.130466,DLS description,Canadian Geological Drilling Ltd.,solid stem auger,no data,I. Shetsen,Alberta Geological Survey,No well present,400,topographic map,14_SAlta_Shetsen\,Litholog_SA-83-58.pdf,geology testhole,
W98-1,7,,19981014,ground surface,634,topographic map,29.9,495256,6277675,56.665803,-115.07743,27_LL,Canadian Geological Drilling Ltd.,"MS 61, CME 5' auger core barrel",Kelly Farris,J. Pawlowicz,Alberta Geological Survey,No well present,125,handheld GPS,7_Wabasca98_Pawlowicz\,Litholog_W98-1.pdf,geology testhole,
W98-2,7,,19981014,ground surface,721,topographic map,43.6,514731,6285781,56.738446,-114.759101,27_LL,Canadian Geological Drilling Ltd.,"MS 61, CME 5' auger core barrel",Kelly Farris,J. Pawlowicz,Alberta Geological Survey,No well present,125,handheld GPS,7_Wabasca98_Pawlowicz\,Litholog_W98-2.pdf,geology testhole,
W98-3,7,,19981016,ground surface,738,topographic map,23.8,531721,6289573,56.771676,-114.480783,27_LL,Canadian Geological Drilling Ltd.,"MS 61, CME 5' auger core barrel",Kelly Farris,J. Pawlowicz,Alberta Geological Survey,No well present,125,handheld GPS,7_Wabasca98_Pawlowicz\,Litholog_W98-3.pdf,geology testhole,
W98-3A,7,,19981017,ground surface,738,topographic map,36,531721,6289573,56.771676,-114.480783,27_LL,Canadian Geological Drilling Ltd.,"MS 61, CME 5' auger core barrel",Kelly Farris,J. Pawlowicz,Alberta Geological Survey,No well present,125,handheld GPS,7_Wabasca98_Pawlowicz\,Litholog_W98-3A.pdf,geology testhole,
W98-4,7,,19981019,ground surface,663,topographic map,40.5,471721,6207099,56.030647,-115.453972,27_LL,Canadian Geological Drilling Ltd.,"MS 61, CME 5' auger core barrel",Kelly Farris,J. Pawlowicz,Alberta Geological Survey,No well present,125,handheld GPS,7_Wabasca98_Pawlowicz\,Litholog_W98-4.pdf,geology testhole,
W98-5,7,,19981020,ground surface,671,topographic map,32.9,471829,6207832,56.037247,-115.452305,27_LL,Canadian Geological Drilling Ltd.,"MS 61, CME 5' auger core barrel",Kelly Farris,J. Pawlowicz,Alberta Geological Survey,No well present,125,handheld GPS,7_Wabasca98_Pawlowicz\,Litholog_W98-5.pdf,geology testhole,
W98-6,7,,19981022,ground surface,661,topographic map,12.8,463041,6215231,56.103148,-115.594424,27_LL,Canadian Geological Drilling Ltd.,"MS 61, CME 5' auger core barrel",Kelly Farris,J. Pawlowicz,Alberta Geological Survey,No well present,125,handheld GPS,7_Wabasca98_Pawlowicz\,Litholog_W98-6.pdf,geology testhole,
W98-7,7,,19981022,ground surface,665,topographic map,18.9,470672,6211936,56.074067,-115.471335,27_LL,Canadian Geological Drilling Ltd.,"MS 61, CME 5' auger core barrel",Kelly Farris,J. Pawlowicz,Alberta Geological Survey,No well present,125,handheld GPS,7_Wabasca98_Pawlowicz\,Litholog_W98-7.pdf,geology testhole,
BHH02-08,3,,20020824,ground surface,786,topographic map,36,453345,6299248,56.857367,-115.765395,83_U11,Canadian Geological Drilling Ltd.,"Truck-mounted MS-61, CME 5' auger core barrel",Ken Pearson,J. Pawlowicz,Alberta Geological Survey,No well present,25,hand-held GPS,3_BHH02_Pawlowicz\,Litholog_BHH02-08.pdf,geology testhole,
BHH02-09,3,,20020825,ground surface,738,topographic map,16.2,453460,6298066,56.846753,-115.763301,83_U11,Canadian Geological Drilling Ltd.,"Truck-mounted MS-61, CME 5' auger core barrel",Ken Pearson,J. Pawlowicz,Alberta Geological Survey,No well present,25,hand-held GPS,3_BHH02_Pawlowicz\,Litholog_BHH02-09.pdf,geology testhole,
BHH02-10,3,,20020823,ground surface,781,topographic map,23.8,444576,6306402,56.920684,-115.910811,83_U11,Canadian Geological Drilling Ltd.,"Truck-mounted MS-61, CME 5' auger core barrel",Ken Pearson,J. Pawlowicz,Alberta Geological Survey,No well present,25,hand-held GPS,3_BHH02_Pawlowicz\,Litholog_BHH02-10.pdf,geology testhole,
BHH02-11,3,,20020826,ground surface,796,topographic map,43.6,449410,6301388,56.876185,-115.830376,83_U11,Canadian Geological Drilling Ltd.,"Truck-mounted MS-61, CME 5' auger core barrel",Ken Pearson,J. Pawlowicz,Alberta Geological Survey,No well present,25,hand-held GPS,3_BHH02_Pawlowicz\,Litholog_BHH02-11.pdf,geology testhole,
CL99-1,36,,19991213,ground surface,606,SRTM DEM,86,633572,6113480,55.171885,-112.901932,DLS description,Layne-Christiansen,Failing 1500,not stated on log,J. Pawlowicz,Alberta Geological Survey,No well present,125,ATS converter,36_CallingLake_Pawlowicz\,Litholog_CL99-1.pdf,geology testhole,
CL99-2,36,,19991214,ground surface,624,SRTM DEM,52.4,604739,6114711,55.189892,-113.354136,DLS description,Layne-Christiansen,Failing 1500,Travis Reichert,"J. Pawlowicz, J. Meeks",Alberta Geological Survey,No well present,125,ATS converter,36_CallingLake_Pawlowicz\,Litholog_CL99-2.pdf,geology testhole,
HL93-10,4,,19930812,ground surface,411,topographic map,28.96,330009,6493580,58.572716,-117.924443,DLS and highway description,Canadian Geological Drilling Ltd.,"Bratt 22, CME 5' auger core barrel",not stated on log,J. Pawlowicz,Alberta Geological Survey,No well present,125,topographic map,4_HighLevel_Pawlowicz\,Litholog_HL93-10.pdf,geology testhole,
HL93-11,4,,19930814,ground surface,363,topographic map,7.92,357878,6490257,58.552889,-117.443474,DLS and highway description,Canadian Geological Drilling Ltd.,"Bratt 22, CME 5' auger core barrel",not stated on log,J. Pawlowicz,Alberta Geological Survey,No well present,125,topographic map,4_HighLevel_Pawlowicz\,Litholog_HL93-11.pdf,geology testhole,
HL93-4,4,,19930812,ground surface,335,topographic map,12.65,490512,6492038,58.592023,-115.163278,DLS and highway description,Canadian Geological Drilling Ltd.,"Bratt 22, CME 5' auger core barrel",not stated on log,J. Pawlowicz,Alberta Geological Survey,No well present,125,topographic map,4_HighLevel_Pawlowicz\,Litholog_HL93-4.pdf,geology testhole,
HL93-6,4,,19930814,ground surface,330,topographic map,17.68,406449,6485151,58.520197,-116.606771,DLS and highway description,Canadian Geological Drilling Ltd.,"Bratt 22, CME 5' auger core barrel",not stated on log,J. Pawlowicz,Alberta Geological Survey,No well present,125,topographic map,4_HighLevel_Pawlowicz\,Litholog_HL93-6.pdf,geology testhole,
HL93-8,4,,19930810,ground surface,344,topographic map,37.8,357353,6529148,58.901823,-117.477181,DLS and highway description,Canadian Geological Drilling Ltd.,"Bratt 22, CME 5' auger core barrel",not stated on log,J. Pawlowicz,Alberta Geological Survey,No well present,125,topographic map,4_HighLevel_Pawlowicz\,Litholog_HL93-8.pdf,geology testhole,
HL93-9,4,,19930810,ground surface,335,topographic map,8.1,370043,6508048,58.716421,-117.244735,DLS and highway description,Canadian Geological Drilling Ltd.,"Bratt 22, CME 5' auger core barrel",not stated on log,J. Pawlowicz,Alberta Geological Survey,No well present,125,topographic map,4_HighLevel_Pawlowicz\,Litholog_HL93-9.pdf,geology testhole,
P00-1,6,,20000827,ground surface,640,topographic map,44.96,607356,6130978,55.335501,-113.306825,27_LL,Canadian Geological Drilling,hollow stem auger,Ken Pearson,J. Pawlowicz,Alberta Geological Survey,No well present,125,topographic map,6_Pelican_Pawlowicz\,Litholog_P00-1.pdf,geology testhole,
P00-2,6,,20000829,ground surface,658,topographic map,14.48,604563,6139914,55.416401,-113.347506,27_LL,Canadian Geological Drilling,hollow stem auger,Scott Anderson,J. Pawlowicz,Alberta Geological Survey,No well present,125,topographic map,6_Pelican_Pawlowicz\,Litholog_P00-2.pdf,geology testhole,
P00-2A,6,,20000829,ground surface,658,topographic map,25.15,604563,6139914,55.416401,-113.347506,27_LL,Canadian Geological Drilling,hollow stem auger,Scott Anderson,J. Pawlowicz,Alberta Geological Survey,No well present,125,topographic map,6_Pelican_Pawlowicz\,Litholog_P00-2A.pdf,geology testhole,
P00-3,6,,20000830,ground surface,594,topographic map,25.15,661002,6121828,55.238685,-112.466757,27_LL,Canadian Geological Drilling,hollow stem auger,Scott Anderson,J. Pawlowicz,Alberta Geological Survey,No well present,125,topographic map,6_Pelican_Pawlowicz\,Litholog_P00-3.pdf,geology testhole,
P00-4,6,,20000830,ground surface,693,topographic map,19.05,665805,6149351,55.484255,-112.374943,27_LL,Canadian Geological Drilling,hollow stem auger,Scott Anderson,J. Pawlowicz,Alberta Geological Survey,No well present,125,topographic map,6_Pelican_Pawlowicz\,Litholog_P00-4.pdf,geology testhole,
P00-4A,6,,20000830,ground surface,693,topographic map,19.05,665805,6149351,55.484255,-112.374943,27_LL,Canadian Geological Drilling,hollow stem auger,Scott Anderson,J. Pawlowicz,Alberta Geological Survey,No well present,125,topographic map,6_Pelican_Pawlowicz\,Litholog_P00-4A.pdf,geology testhole,
P00-5,6,,20000831,ground surface,733,topographic map,9.9,668386,6155664,55.540055,-112.3303,27_LL,Canadian Geological Drilling,hollow stem auger,Scott Anderson,J. Pawlowicz,Alberta Geological Survey,No well present,125,topographic map,6_Pelican_Pawlowicz\,Litholog_P00-5.pdf,geology testhole,
P00-6,6,,20001001,ground surface,637,topographic map,11.43,567431,6098401,55.0498,-113.944129,27_LL,Canadian Geological Drilling,hollow stem auger,Scott Anderson,J. Pawlowicz,Alberta Geological Survey,No well present,125,topographic map,6_Pelican_Pawlowicz\,Litholog_P00-6.pdf,geology testhole,
P00-7,6,,20000918,ground surface,571,topographic map,148.3,599879,6181766,55.793444,-113.406324,27_LL,McAuley Drilling,rotary,Malcom McAuley,J. Pawlowicz,Alberta Geological Survey,No well present,125,topographic map,6_Pelican_Pawlowicz\,Litholog_P00-7.pdf,geology testhole,
P00-8,6,,20000923,ground surface,579,topographic map,133.8,603581,6190242,55.868825,-113.34404,27_LL,McAuley Drilling,rotary,Malcom McAuley,J. Pawlowicz,Alberta Geological Survey,No well present,125,topographic map,6_Pelican_Pawlowicz\,Litholog_P00-8.pdf,geology testhole,
PL01-1,33,,20010816,ground surface,567,topographic map,141.2,484976,6295867,56.82908,-115.24629,DLS description,McAuley Drilling Co Limited,rotary,Malcolm McAuley,J. Pawlowicz,Alberta Geological Survey,No well present,125,topographic map,33_PeerlessLake_Pawlowicz\,Litholog_PL01-1.pdf,geology testhole,
PL01-2,33,,20010821,ground surface,494,topographic map,132.6,477351,6239186,56.31935,-115.36632,DLS description,McAuley Drilling Co Limited,rotary,Malcolm McAuley,J. Pawlowicz,Alberta Geological Survey,No well present,125,topographic map,33_PeerlessLake_Pawlowicz\,Litholog_PL01-2.pdf,geology testhole,
PR95-1,5,,19950302,ground surface,668,topographic map,2.59,326706,6146468,55.455769,-117.741667,DLS description,Canadian Geological Drilling Ltd.,"Bratt 22, CME 5' auger core barrel",,J. Pawlowicz,Alberta Geological Survey,No well present,125,topographic map,5_PeaceRiver95_Pawlowicz\,Litholog_PR95-1.pdf,geology testhole,
PR95-11,5,,19950309,ground surface,587,topographic map,6.04,450584,6254188,56.452139,-115.802045,DLS description,Canadian Geological Drilling Ltd.,"Bratt 22, CME 5' auger core barrel",,J. Pawlowicz,Alberta Geological Survey,No well present,125,topographic map,5_PeaceRiver95_Pawlowicz\,Litholog_PR95-11.pdf,geology testhole,
PR95-11A,5,,19950309,ground surface,587,topographic map,10.03,450584,6254188,56.452139,-115.802045,DLS description,Canadian Geological Drilling Ltd.,"Bratt 22, CME 5' auger core barrel",,J. Pawlowicz,Alberta Geological Survey,No well present,125,topographic map,5_PeaceRiver95_Pawlowicz\,Litholog_PR95-11A.pdf,geology testhole,
PR95-2,5,,19950301,ground surface,700,topographic map,1.77,326627,6144459,55.4377,-117.741667,DLS description,Canadian Geological Drilling Ltd.,"Bratt 22, CME 5' auger core barrel",,J. Pawlowicz,Alberta Geological Survey,No well present,125,topographic map,5_PeaceRiver95_Pawlowicz\,Litholog_PR95-2.pdf,geology testhole,
PR95-3,5,,19950302,ground surface,710,topographic map,7.44,327348,6142398,55.41945,-117.729003,DLS description,Canadian Geological Drilling Ltd.,"Bratt 22, CME 5' auger core barrel",,J. Pawlowicz,Alberta Geological Survey,No well present,125,topographic map,5_PeaceRiver95_Pawlowicz\,Litholog_PR95-3.pdf,geology testhole,
PR95-5,5,,19950307,ground surface,442,topographic map,10.03,361347,6307197,56.910386,-117.278122,DLS description,Canadian Geological Drilling Ltd.,"Bratt 22, CME 5' auger core barrel",,J. Pawlowicz,Alberta Geological Survey,No well present,125,topographic map,5_PeaceRiver95_Pawlowicz\,Litholog_PR95-5.pdf,geology testhole,
PR95-7,5,,19950306,ground surface,505,topographic map,13.29,364473,6271034,56.586547,-117.207655,DLS description,Canadian Geological Drilling Ltd.,"Bratt 22, CME 5' auger core barrel",,J. Pawlowicz,Alberta Geological Survey,No well present,125,topographic map,5_PeaceRiver95_Pawlowicz\,Litholog_PR95-7.pdf,geology testhole,
PR95-8,5,,19950303,ground surface,585,topographic map,13.75,379063,6251564,56.415645,-116.961114,DLS description,Canadian Geological Drilling Ltd.,"Bratt 22, CME 5' auger core barrel",,J. Pawlowicz,Alberta Geological Survey,No well present,125,topographic map,5_PeaceRiver95_Pawlowicz\,Litholog_PR95-8.pdf,geology testhole,
PR95-9,5,,19950305,ground surface,590,topographic map,10.03,392274,6259714,56.492065,-116.750375,DLS description,Canadian Geological Drilling Ltd.,"Bratt 22, CME 5' auger core barrel",,J. Pawlowicz,Alberta Geological Survey,No well present,125,topographic map,5_PeaceRiver95_Pawlowicz\,Litholog_PR95-9.pdf,geology testhole,
RCA TEST HOLE A,58,ARC #TEST HOLE A,196802,ground surface,267.62,unknown,70.71,766818,6295539,56.749894,-110.633552,DLS description,unknown,rotary,unknown,W.N. Hamilton,Alberta Geological Survey,No well present,250,unknown,58_McMurray_Hamilton\,Litholog_RCA_TEST_HOLE_A.pdf,geology testhole,Drilled with a Failing 1500 rig. ALIAS1 is the Owner_name cited in Alta. Envt. WWDD.
RCA TEST HOLE B,58,ARC #TEST HOLE B,196802,ground surface,260.3,unknown,151.18,760205,6290645,56.709779,-110.746412,DLS description,unknown,rotary,unknown,W.N. Hamilton,Alberta Geological Survey,No well present,250,unknown,58_McMurray_Hamilton\,Litholog_RCA_TEST_HOLE_B.pdf,geology testhole,Drilled with a Failing 1500 rig. ALIAS1 is the Owner_name cited in Alta. Envt. WWDD.
RE97-1,2,,19970918,ground surface,649,topographic map,45.1,480854,6221874,56.163904,-115.308422,27_LL,Canadian Geological Drilling Ltd.,"Bratt 22, CME 5' auger core barrel",K. Pearson,"J. Pawlowicz, L. Andriashek",Alberta Geological Survey,No well present,125,topographic map,2_RedEarth97_Pawlowicz\,Litholog_RE97-1.pdf,geology testhole,
RE97-2,2,,19970920,ground surface,562,topographic map,17.7,478139,6246237,56.382759,-115.354174,27_LL,Canadian Geological Drilling Ltd.,"Bratt 22, CME 5' auger core barrel",K. Pearson,"J. Pawlowicz, M. Fenton",Alberta Geological Survey,No well present,125,topographic map,2_RedEarth97_Pawlowicz\,Litholog_RE97-2.pdf,geology testhole,
RE97-3,2,,19970921,ground surface,502,topographic map,29.9,482591,6289932,56.775659,-115.284982,27_LL,Canadian Geological Drilling Ltd.,"Bratt 22, CME 5' auger core barrel",K. Pearson,"J. Pawlowicz, M. Fenton",Alberta Geological Survey,No well present,125,topographic map,2_RedEarth97_Pawlowicz\,Litholog_RE97-3.pdf,geology testhole,
RE97-4,2,,19970922,ground surface,478,topographic map,46.6,487558,6306666,56.926207,-115.204487,27_LL,Canadian Geological Drilling Ltd.,"Bratt 22, CME 5' auger core barrel",K. Pearson,J. Pawlowicz,Alberta Geological Survey,No well present,125,topographic map,2_RedEarth97_Pawlowicz\,Litholog_RE97-4.pdf,geology testhole,
RE97-5,2,,19970924,ground surface,541,topographic map,16.2,468861,6285911,56.738808,-115.509239,27_LL,Canadian Geological Drilling Ltd.,"Bratt 22, CME 5' auger core barrel",K. Pearson,J. Pawlowicz,Alberta Geological Survey,No well present,125,topographic map,2_RedEarth97_Pawlowicz\,Litholog_RE97-5.pdf,geology testhole,
RE97-5A,2,,19970924,ground surface,541,topographic map,18.3,468861,6285911,56.738808,-115.509239,27_LL,Canadian Geological Drilling Ltd.,"Bratt 22, CME 5' auger core barrel",K. Pearson,J. Pawlowicz,Alberta Geological Survey,No well present,125,topographic map,2_RedEarth97_Pawlowicz\,Litholog_RE97-5A.pdf,geology testhole,
RE97-6,2,,19970925,ground surface,560,topographic map,19.2,486838,6267750,56.576437,-115.214329,27_LL,Canadian Geological Drilling Ltd.,"Bratt 22, CME 5' auger core barrel",K. Pearson,J. Pawlowicz,Alberta Geological Survey,No well present,125,topographic map,2_RedEarth97_Pawlowicz\,Litholog_RE97-6.pdf,geology testhole,
RE97-7,2,,19970925,ground surface,545,topographic map,16.2,479366,6255618,56.467133,-115.335023,27_LL,Canadian Geological Drilling Ltd.,"Bratt 22, CME 5' auger core barrel",K. Pearson,J. Pawlowicz,Alberta Geological Survey,No well present,125,topographic map,2_RedEarth97_Pawlowicz\,Litholog_RE97-7.pdf,geology testhole,
SA-81-1,14,,19810818,ground surface,845,SRTM DEM,34.5,777637,5526490,49.846283,-111.13628,DLS description,Canadian Geological Drilling Ltd.,solid stem auger,no data,I. Shetsen,Alberta Geological Survey,No well present,400,topographic map,14_SAlta_Shetsen\,Litholog_SA-81-1.pdf,geology testhole,
SA-81-2,14,,19810819,ground surface,848,SRTM DEM,38.7,772304,5503073,49.638481,-111.226685,DLS description,Canadian Geological Drilling Ltd.,solid stem auger,no data,I. Shetsen,Alberta Geological Survey,No well present,400,topographic map,14_SAlta_Shetsen\,Litholog_SA-81-2.pdf,geology testhole,
SA-81-3,14,,19810820,ground surface,879,SRTM DEM,38.8,780289,5483942,49.463071,-111.129923,DLS description,Canadian Geological Drilling Ltd.,solid stem auger,no data,I. Shetsen,Alberta Geological Survey,No well present,400,topographic map,14_SAlta_Shetsen\,Litholog_SA-81-3.pdf,geology testhole,
SA-81-4,14,,19810821,ground surface,910,SRTM DEM,50.3,778331,5466411,49.306568,-111.169159,DLS description,Canadian Geological Drilling Ltd.,solid stem auger,no data,I. Shetsen,Alberta Geological Survey,No well present,400,topographic map,14_SAlta_Shetsen\,Litholog_SA-81-4.pdf,geology testhole,
SA-82-10,14,,19820612,ground surface,876,SRTM DEM,15.5,838999,5442425,49.06079,-110.357001,DLS description,Canadian Geological Drilling Ltd.,solid stem auger,no data,I. Shetsen,Alberta Geological Survey,No well present,400,topographic map,14_SAlta_Shetsen\,Litholog_SA-82-10.pdf,geology testhole,
SA-82-11,14,,19820613,ground surface,855,SRTM DEM,22.2,854706,5439344,49.02432,-110.145371,DLS description,Canadian Geological Drilling Ltd.,solid stem auger,no data,I. Shetsen,Alberta Geological Survey,No well present,400,topographic map,14_SAlta_Shetsen\,Litholog_SA-82-11.pdf,geology testhole,
SA-82-12,14,,19820613,ground surface,878,SRTM DEM,11.6,856585,5448424,49.104646,-110.111745,DLS description,Canadian Geological Drilling Ltd.,solid stem auger,no data,I. Shetsen,Alberta Geological Survey,No well present,400,topographic map,14_SAlta_Shetsen\,Litholog_SA-82-12.pdf,geology testhole,
SA-82-13,14,,1982,ground surface,1063,SRTM DEM,11.3,844305,5472796,49.330215,-110.25856,DLS description,Canadian Geological Drilling Ltd.,solid stem auger,no data,I. Shetsen,Alberta Geological Survey,No well present,400,topographic map,14_SAlta_Shetsen\,Litholog_SA-82-13.pdf,geology testhole,
SA-82-14,14,,1982,ground surface,1105,SRTM DEM,14.6,841663,5475877,49.359336,-110.292172,DLS description,Canadian Geological Drilling Ltd.,solid stem auger,no data,I. Shetsen,Alberta Geological Survey,No well present,400,topographic map,14_SAlta_Shetsen\,Litholog_SA-82-14.pdf,geology testhole,
SA-82-15,14,,1982,ground surface,1182,SRTM DEM,31.4,843811,5515663,49.714905,-110.228,DLS description,Canadian Geological Drilling Ltd.,solid stem auger,no data,I. Shetsen,Alberta Geological Survey,No well present,400,topographic map,14_SAlta_Shetsen\,Litholog_SA-82-15.pdf,geology testhole,
SA-82-16,14,,1982,ground surface,964,SRTM DEM,11.6,840795,5527867,49.826053,-110.259012,DLS description,Canadian Geological Drilling Ltd.,solid stem auger,no data,I. Shetsen,Alberta Geological Survey,No well present,400,topographic map,14_SAlta_Shetsen\,Litholog_SA-82-16.pdf,geology testhole,
SA-82-17,14,,1982,ground surface,747,SRTM DEM,45.1,853375,5546524,49.986025,-110.06761,DLS description,Canadian Geological Drilling Ltd.,solid stem auger,no data,I. Shetsen,Alberta Geological Survey,No well present,400,topographic map,14_SAlta_Shetsen\,Litholog_SA-82-17.pdf,geology testhole,
SA-82-18,14,,1982,ground surface,812,SRTM DEM,42,838310,5552032,50.044155,-110.272259,DLS description,Canadian Geological Drilling Ltd.,solid stem auger,no data,I. Shetsen,Alberta Geological Survey,No well present,400,topographic map,14_SAlta_Shetsen\,Litholog_SA-82-18.pdf,geology testhole,
SA-82-19,14,,1982,ground surface,742,SRTM DEM,42.1,823371,5555983,50.087896,-110.476991,DLS description,Canadian Geological Drilling Ltd.,solid stem auger,no data,I. Shetsen,Alberta Geological Survey,No well present,400,topographic map,14_SAlta_Shetsen\,Litholog_SA-82-19.pdf,geology testhole,
SA-82-20,14,,1982,ground surface,807,SRTM DEM,42.1,769055,5534311,49.920417,-111.249997,DLS description,Canadian Geological Drilling Ltd.,solid stem auger,no data,I. Shetsen,Alberta Geological Survey,No well present,400,topographic map,14_SAlta_Shetsen\,Litholog_SA-82-20.pdf,geology testhole,
SA-82-21,14,,1982,ground surface,857,SRTM DEM,45.1,685865,5529172,49.905919,-112.410412,DLS description,Canadian Geological Drilling Ltd.,solid stem auger,no data,I. Shetsen,Alberta Geological Survey,No well present,400,topographic map,14_SAlta_Shetsen\,Litholog_SA-82-21.pdf,geology testhole,
SA-82-22,14,,1982,ground surface,878,SRTM DEM,45.1,661158,5535663,49.971452,-112.751628,DLS description,Canadian Geological Drilling Ltd.,solid stem auger,no data,I. Shetsen,Alberta Geological Survey,No well present,400,topographic map,14_SAlta_Shetsen\,Litholog_SA-82-22.pdf,geology testhole,
SA-82-23,14,,1982,ground surface,954,SRTM DEM,10,630302,5532410,49.949734,-113.18296,DLS description,Canadian Geological Drilling Ltd.,solid stem auger,no data,I. Shetsen,Alberta Geological Survey,No well present,400,topographic map,14_SAlta_Shetsen\,Litholog_SA-82-23.pdf,geology testhole,
SA-82-24,14,,1982,ground surface,937,SRTM DEM,45.5,641453,5518903,49.825733,-113.032497,DLS description,Canadian Geological Drilling Ltd.,solid stem auger,no data,I. Shetsen,Alberta Geological Survey,No well present,400,topographic map,14_SAlta_Shetsen\,Litholog_SA-82-24.pdf,geology testhole,
SA-82-25,14,,1982,ground surface,792,SRTM DEM,45.1,688028,5572994,50.299114,-112.358721,DLS description,Canadian Geological Drilling Ltd.,solid stem auger,no data,I. Shetsen,Alberta Geological Survey,No well present,400,topographic map,14_SAlta_Shetsen\,Litholog_SA-82-25.pdf,geology testhole,
SA-82-26,14,,1982,ground surface,881,SRTM DEM,45.1,664310,5574640,50.321001,-112.690866,DLS description,Canadian Geological Drilling Ltd.,solid stem auger,no data,I. Shetsen,Alberta Geological Survey,No well present,400,topographic map,14_SAlta_Shetsen\,Litholog_SA-82-26.pdf,geology testhole,
SA-82-27,14,,1982,ground surface,969,SRTM DEM,45.1,648990,5568520,50.270047,-112.908423,DLS description,Canadian Geological Drilling Ltd.,solid stem auger,no data,I. Shetsen,Alberta Geological Survey,No well present,400,topographic map,14_SAlta_Shetsen\,Litholog_SA-82-27.pdf,geology testhole,
SA-82-28,14,,1982,ground surface,975,SRTM DEM,45.1,626209,5569534,50.284483,-113.227713,DLS description,Canadian Geological Drilling Ltd.,solid stem auger,no data,I. Shetsen,Alberta Geological Survey,No well present,400,topographic map,14_SAlta_Shetsen\,Litholog_SA-82-28.pdf,geology testhole,
SA-82-29,14,,1982,ground surface,987,SRTM DEM,13.1,613280,5569235,50.284419,-113.409284,DLS description,Canadian Geological Drilling Ltd.,solid stem auger,no data,I. Shetsen,Alberta Geological Survey,No well present,400,topographic map,14_SAlta_Shetsen\,Litholog_SA-82-29.pdf,geology testhole,